0.378965960094917,0.0689517799924316,0.556164275209304,0.153381362000749,0.0200388491525549,0.0274545259630934,0.119829723993054,0.0328094643445963,0.0596859363445269,0.0207939279247501,0.03275030840719,0.287920783953087,0.429534164702339,0.0579701771664852,0.201418507853493,0.0600494412491547,0.231451745616872,0.0721307806286353,0.0282205936646489,0.0708595037222348,0.307168686513416,0.0423236242205954,0.117258431691133,0.0238697054450305,0.0290251951509635,0.124777402143584,0.323826065524094,0.0663634471832281,7.85673037696228,3.62564931760699,5.52019964661793,1.6491686974291,0.0177505569647193,0.84644517827733,1.71126168694174,0.316210369604657,0.554365929492652,0.0232026121008046,0.220829441444977,1.9556208043563,4.55851800323373,2.53111842035879,0.268654525186895,0.0746270442652105,0.242732103332408,0.120658447619781,0.0882868946750656,0.277071596979005,0.973343773630081,0.104485514239716,0.188233823838128,0.0431720743839334,0.0464077623492421,0.124987106431639,0.292963749204341,0.105923988606551,1.52505655688953,0.276171321268875,0.961672459587108,0.221530524257137,0.0201342587522433,0.0688335995052206,0.149633323079112,0.025761222306593,0.0954163433426441,0.0100905433683253,0.0396649781653499,0.361445160376179,0.611412330919429,0.120546099897842,3.41069364085425,0.620566019931884,5.00547847688373,1.38043225800674,0.180349642372994,0.24709073366784,1.07846751593749,0.295285179101367,0.537173427100742,0.187145351322751,0.29475277566471,2.59128705557778,3.86580748232105,0.521731594498367,6.64681075916527,1.9816315612221,7.63790760535676,2.38031576074496,0.931279590933415,2.33836362283375,10.1365666549427,1.39667959927965,3.86952824580738,0.787700279686005,0.957831439981797,4.11765427073828,10.6862601622951,2.18999375704653,39.2836518848114,18.1282465880349,27.6009982330897,8.2458434871455,0.0887527848235965,4.23222589138665,8.5563084347087,1.58105184802328,2.77182964746326,0.116013060504023,1.10414720722488,9.77810402178148,22.7925900161686,12.6555921017939,7.79098123041994,2.1641842836911,7.03923099663982,3.49909498097364,2.5603199455769,8.03507631239115,28.2269694352723,3.03007991295177,5.45878089130571,1.25199015713407,1.34582510812802,3.62462608651752,8.4959487269259,3.07179566958996,10.6753958982267,1.93319924888213,6.73170721710975,1.55071366979996,0.140939811265703,0.481835196536544,1.04743326155378,0.180328556146151,0.667914403398508,0.070633803578277,0.277654847157449,2.53011612263325,4.279886316436,0.843822699284893,0.336327154980672,0.722398624870067,0.130718304332298,0.931197683103589,0.281435716855085,0.0568438142456615,0.0526695779208873,0.392454034887705,0.0762562550342056,0.170736919232385,0.0312951030583372,0.0694777044554245,0.612011574674046,0.909882406115847,0.111675551367654,1
0.354306875691292,0.12133476571999,0.577475255468381,0.076511976172125,0.0105056429541772,0.0322759239349956,0.23834354870379,0.0319779887859742,0.0948319311003996,0.023898403289633,0.053039915369397,0.239622136160124,0.429970563089441,0.0284487286068787,0.252544241913031,0.0646332549848192,0.308434314175904,0.0968582056537694,0.0214210920496628,0.100025013594743,0.426804125831947,0.0509294378207976,0.141101222375447,0.0283484502790332,0.0433065429518686,0.131078512884045,0.411097370746873,0.0734316692096551,20.820909802298,10.7236146880604,14.6312529307136,5.02205781773068,0.0143443978068807,0.779970909384818,1.82549881858769,0.190244910230514,1.19663963422247,0.0323987142728339,0.535137082176887,5.80123238095552,9.64984656257114,8.09145075455925,0.359401139718945,0.074060892849309,0.543316086961696,0.174723753357119,0.0399057693182219,0.230390301359045,1.24024718512186,0.115601259666893,0.219781178129441,0.0456007072543866,0.100336342177272,0.244617544183265,0.721581647180117,0.126134877634034,4.35670380069645,0.824291976351206,3.02114252821024,0.670295252649534,0.0107527233076612,0.0816387886356171,0.526609175908702,0.0347298610999347,0.354779103498615,0.0191389334102888,0.0835196005419896,0.708891674996791,1.7479870884065,0.710306760743395,3.18876188122163,1.09201289147991,5.19727729921543,0.688607785549125,0.0945507865875952,0.29048331541496,2.14509193833411,0.287801899073768,0.853487379903597,0.215085629606697,0.477359238324573,2.15659922544112,3.86973506780497,0.256038557461908,8.33395998313001,2.13289741449903,10.1783323678048,3.19632078657439,0.706896037638871,3.3008254486265,14.0845361524543,1.68067144808632,4.65634033838975,0.935498859208096,1.42911591741166,4.32559092517349,13.5662132346468,2.42324508391862,104.10454901149,53.6180734403022,73.1562646535678,25.1102890886534,0.0717219890344037,3.89985454692409,9.12749409293843,0.951224551152568,5.98319817111236,0.16199357136417,2.67568541088444,29.0061619047776,48.2492328128557,40.4572537727963,10.4226330518494,2.14776589262996,15.7561665218892,5.06698884735646,1.15726731022843,6.68131873941229,35.9671683685338,3.3524365303399,6.3736541657538,1.32242051037721,2.90975392314088,7.09390878131469,20.9258677682234,3.65791145138698,30.4969266048751,5.77004383445844,21.1479976974717,4.69206676854674,0.0752690631536283,0.571471520449319,3.68626423136091,0.243109027699543,2.4834537244903,0.133972533872022,0.584637203793927,4.96224172497754,12.2359096188455,4.97214732520376,0.108633058640665,0.906857443562075,0.390837744760997,0.991529928989383,0.157790377819258,0.0235120658047084,0.0570824168042015,0.561482671358522,0.0547363901764094,0.178735540154725,0.038226998155891,0.0905642111720204,0.427194042748653,1.15541299549051,0.0621781542758866,1
0.526451403221045,0.132880868048266,1.45840763987621,0.153609381602945,0.0126320438934384,0.071154349570662,0.409386675217961,0.0364858631056023,0.0927071865920085,0.0176046093141736,0.0603216184119702,0.304262405415496,0.499920184586625,0.0939366111379488,0.334534132325532,0.0434516380789176,0.483279402068899,0.110271913058743,0.0170568374876296,0.0806325097568665,0.429213325469326,0.062453627014318,0.137815417737248,0.023214520651604,0.0659018177057383,0.145107441743796,0.506283373771294,0.100875730383927,30.0117730000351,13.8637352594206,111.333803223577,4.63825675515376,0.0267101336219696,0.28482336271019,0.649765666443006,0.141905250411811,0.530677600266518,0.00890242237204019,0.373499298866441,2.8609251489885,15.8211539973263,10.7722012883519,0.305950912900401,0.0672999604858139,0.349201333699349,0.159130240026293,0.036108089175239,0.162836587001706,0.838437644571136,0.0738037650952615,0.220993358979716,0.0486254549929891,0.0791437931746182,0.21054585702701,0.553703369279352,0.0837465731348921,3.35470043094406,0.497915130993639,2.08632953775198,0.610570514989497,0.00604900510471301,0.145970602241505,0.43680617314071,0.0427834609161551,0.179716723133564,0.0197775266229404,0.142217751237316,0.678313661910957,2.4735326440687,0.564819402734266,4.73806262898941,1.1959278124344,13.1256687588859,1.38248443442651,0.113688395040945,0.640389146135958,3.68448007696165,0.328372767950421,0.834364679328076,0.158441483827562,0.542894565707732,2.73836164873946,4.49928166127962,0.845429500241539,11.0396263667426,1.43390405660428,15.9482202682737,3.63897313093852,0.562875637091776,2.6608728219766,14.1640397404878,2.06096969147249,4.54790878532919,0.76607918150293,2.17475998428937,4.78854557754527,16.7073513344527,3.32889910266961,150.058865000176,69.3186762971028,556.669016117883,23.1912837757688,0.133550668109848,1.42411681355095,3.24882833221503,0.709526252059056,2.65338800133259,0.0445121118602009,1.86749649433221,14.3046257449425,79.1057699866313,53.8610064417596,8.87257647411162,1.9516988540886,10.1268386772811,4.61477696076249,1.04713458608193,4.72226102304947,24.3146916925629,2.14030918776258,6.40880741041177,1.41013819479669,2.29517000206393,6.10582985378328,16.0573977091012,2.42865062091187,23.4829030166084,3.48540591695548,14.6043067642638,4.27399360492648,0.0423430357329911,1.02179421569053,3.05764321198497,0.299484226413086,1.25801706193495,0.138442686360583,0.995524258661211,4.7481956333767,17.3147285084809,3.95373581913986,0.419010697724582,1.71325449518911,0.533680844521832,5.92835160296179,0.492327464750704,0.0252112836476837,0.118143099284689,0.95568102600815,0.101611706402063,0.23131951944051,0.0326903810229223,0.103956912914431,0.740719854889449,1.45156922067227,0.171389029245135,1
0.690560955112295,0.142491068435861,0.826377753517429,0.170674745540897,0.00933677739247994,0.0965389612775923,0.365789958928172,0.0427634976884094,0.080013123848056,0.00841988861648347,0.049327296460837,0.33380471228554,0.575104904162391,0.095581337319822,0.46020415288278,0.0742251532653291,0.616235185171176,0.148741573327726,0.0244274371126779,0.124332378934508,0.555667341197154,0.0624651577371898,0.220893752122513,0.0211213422385141,0.0671889359502959,0.235132594186719,0.517168015170996,0.100223837571977,53.6758191307127,29.7819162185058,18.6081448874451,1.96900293275691,0.0216607210706828,1.16340163609726,2.1975284017605,0.440837600940211,1.03762399952289,0.0114751578777675,0.368413938869846,9.59837568744832,14.2390605111606,15.0025578345494,0.332483597022774,0.0863041628026589,0.38115705172272,0.184294912763427,0.0243681228502777,0.229634649403683,0.8549861519922,0.115723530067781,0.304093308446036,0.0420163299281138,0.070915428901148,0.227588253808195,0.420660811597973,0.100390773479573,2.09713918747025,0.533837292651403,4.07503466889462,0.23333528962166,0.0153464656347719,0.128409255603405,0.369397219960301,0.0605804889622038,0.124292067751004,0.0232785857073461,0.0594124793397662,0.370779925706752,1.63707673640404,0.212129058226498,6.21504859601065,1.28241961592275,7.43739978165686,1.53607270986807,0.0840309965323194,0.86885065149833,3.29210963035355,0.384871479195685,0.720118114632504,0.0757789975483512,0.443945668147533,3.00424241056986,5.17594413746152,0.860232035878398,15.1867370451318,2.44943005775586,20.3357611106488,4.90847191981495,0.80610542471837,4.10296850483877,18.3370222595061,2.06135020532726,7.28949382004293,0.697004293870965,2.21723488635976,7.75937560816172,17.0665445006429,3.30738663987524,268.379095653563,148.909581092529,93.0407244372255,9.84501466378453,0.108303605353414,5.81700818048628,10.9876420088025,2.20418800470106,5.18811999761443,0.0573757893888375,1.84206969434923,47.9918784372416,71.195302555803,75.012789172747,9.64202431366043,2.50282072127711,11.0535544999589,5.34455247013938,0.706675562658055,6.6594048327068,24.7945984077738,3.35598237196564,8.81870594493505,1.2184735679153,2.05654743813329,6.60005936043765,12.1991635363412,2.91133243090762,14.6799743122918,3.73686104855982,28.5252426822623,1.63334702735162,0.107425259443404,0.898864789223834,2.58578053972211,0.424063422735427,0.870044474257027,0.162950099951422,0.415887355378363,2.59545947994727,11.4595371548283,1.48490340758549,0.296768880312873,2.72014266846671,0.365042488715403,1.62010938482923,0.313265608696722,0.0187760839837046,0.212444128979069,0.732536236047479,0.0852826445173947,0.283443249624738,0.0250244114432973,0.127289269626429,0.756790801767201,1.06342391022985,0.178024549242022,1
0.320909499542049,0.167758490143655,0.938539691418171,0.108156800476916,0.00971313227436338,0.0758410065682344,0.292132231955121,0.0506905355459644,0.188284207382077,0.0146354475942208,0.0624507563732442,0.193516942247934,0.569397826737908,0.0394192849593302,0.273237339390349,0.0639187318930657,0.468970377055321,0.127391188291024,0.0152307115158376,0.0861071078378462,0.420439890817473,0.050412398077011,0.156366088817838,0.0220419762344405,0.0415440347075278,0.136969546781193,0.391123762924056,0.0864352237015007,33.421323604948,11.8938622562107,21.5127066026461,6.01572326102469,0.0221289817783248,0.871561197353156,2.66277114635962,0.31788794178706,0.409067838233002,0.00826316140248103,0.679198065281872,7.80249007086443,21.8653734039806,6.72088199175406,0.265319317178742,0.0741869753932855,0.345109547337425,0.142947390503839,0.0400693739650347,0.165317645849648,0.779494780117548,0.0954803771660064,0.228662755835529,0.0261003451164889,0.0695091244503985,0.163185640806925,0.446910233857488,0.0948037166685082,1.9309234309929,0.856080229081462,2.89707635354656,0.353970101418843,0.0155017523567046,0.0573434384095598,0.198129965148779,0.0274428200243324,0.0946928987292892,0.0124790661453124,0.117590620616515,0.532952948189942,2.12696145068197,0.215563182048935,2.88818549587844,1.5098264112929,8.44685722276354,0.973411204292242,0.0874181904692704,0.68256905911411,2.62919008759609,0.45621481991368,1.69455786643869,0.131719028347987,0.562056807359198,1.74165248023141,5.12458044064117,0.354773564633972,9.01683219988153,2.10931815247117,15.4760224428256,4.2039092136038,0.502613480022642,2.84153455864893,13.8745163969766,1.66360913654136,5.16008093098865,0.727385215736537,1.37095314534842,4.51999504377935,12.9070841764938,2.85236238214952,167.10661802474,59.4693112810537,107.563533013231,30.0786163051235,0.110644908891624,4.35780598676578,13.3138557317981,1.5894397089353,2.04533919116501,0.0413158070124051,3.39599032640936,39.0124503543221,109.326867019903,33.6044099587703,7.69426019818352,2.15142228640528,10.0081768727853,4.14547432461132,1.16201184498601,4.7942117296398,22.6053486234089,2.76893093781419,6.63121991923035,0.756910008378178,2.01576460906156,4.73238358340082,12.9603967818672,2.74930778338674,13.5164640169503,5.99256160357023,20.2795344748259,2.4777907099319,0.108512266496932,0.401404068866918,1.38690975604145,0.192099740170327,0.662850291105024,0.0873534630171866,0.823134344315607,3.73067063732959,14.8887301547738,1.50894227434255,0.454018379203172,0.50394265793939,0.32445271842955,2.03165808414838,0.21592582578975,0.0178737856254052,0.202579812583535,0.583168282612075,0.119385692014349,0.395434719529253,0.0257512913467048,0.13957402917177,0.353129962736093,1.15949186387125,0.0931951407534811,1
0.386163983583427,0.0857075529197347,0.422638253346237,0.144595916769642,0.00780864483435831,0.082644563920458,0.290465555158662,0.0880088576743852,0.130680267999674,0.0128016004278136,0.0522427182835188,0.347067331032918,0.443000669119773,0.0478802326421657,0.337960977113229,0.0629515994727687,0.489661941305019,0.149885917640938,0.0208677864449942,0.129575019044449,0.724399373714462,0.064925768333318,0.172483217888961,0.0247562941442968,0.0530940672078012,0.195283357682275,0.53636199376687,0.0953046029427397,6.70845675898802,8.43813812840509,20.0541181048834,0.781677896460964,0.0239875019783878,0.164804307980563,0.456896011469871,0.3113764322866,0.409570459631126,0.0171549249158023,0.202300903317667,1.13895409250391,1.81513781193395,0.831739496342746,0.423332501754466,0.0762982124030322,0.552953610243262,0.190045903602115,0.0237535018828463,0.137142132582878,0.877192904442827,0.113731553612478,0.262762790020354,0.043899162481524,0.080273646379855,0.243741828602174,0.59741329556164,0.153169227996207,0.900809996737631,0.369386830296505,0.903556955250351,0.305986977647818,0.0168097142113114,0.0338663582513744,0.254093405551885,0.0373736635639454,0.0741515699319498,0.0114085510238736,0.0564804259515621,0.30999114290167,0.667948728510741,0.161157814055589,3.47547585225084,0.771367976277612,3.80374428011613,1.30136325092678,0.0702778035092248,0.743801075284122,2.61418999642796,0.792079719069466,1.17612241199707,0.115214403850322,0.470184464551669,3.12360597929626,3.98700602207796,0.430922093779492,11.1527122447365,2.07740278260137,16.1588440630656,4.94623528215095,0.688636952684809,4.2759756284668,23.9051793325772,2.14255035499949,5.6919461903357,0.816957706761795,1.75210421785744,6.44435080351508,17.6999457943067,3.14505189711041,33.5422837949401,42.1906906420254,100.270590524417,3.90838948230482,0.119937509891939,0.824021539902815,2.28448005734936,1.556882161433,2.04785229815563,0.0857746245790116,1.01150451658834,5.69477046251957,9.07568905966976,4.15869748171373,12.2766425508795,2.21264815968793,16.0356546970546,5.51133120446134,0.688851554602544,3.97712184490347,25.438594228842,3.29821505476188,7.62012091059026,1.2730757119642,2.32793574501579,7.06851302946306,17.3249855712875,4.44190761189,6.30566997716342,2.58570781207554,6.32489868675246,2.14190884353473,0.11766799947918,0.237064507759621,1.7786538388632,0.261615644947618,0.519060989523648,0.0798598571671149,0.395362981660935,2.16993800031169,4.67564109957518,1.12810469838912,0.481741145853242,0.73951994425659,0.15030446940211,1.01962567264649,0.308997661075621,0.015479094265224,0.16308001161949,0.57632059034673,0.179294963992865,0.267786451545969,0.0269184559883385,0.133262238920021,0.654946122846216,0.638185651315519,0.106341332193116,1
0.486330219775307,0.139739057934872,0.467978084498125,0.0925174848001537,0.0139435704280615,0.0532982914319429,0.221769699593341,0.0319168585031449,0.0654828302410903,0.00730481022337935,0.0421262899769299,0.194739200511648,0.289624342390753,0.0483098795262054,0.483446236360896,0.104137121566577,0.585681786029337,0.202042198600604,0.01382919117353,0.120818825892884,0.693231277234277,0.0850178699269137,0.162124087973385,0.0161265726721831,0.054063947640406,0.203197388237539,0.523675335592003,0.0856205746449391,46.169269028376,7.98787656416907,15.4923075394582,4.40027089379386,0.0103964404777621,0.957671770913704,8.43358072914475,0.426690160400269,0.804618291095914,0.0120159923784313,0.288664110841183,13.3362152191714,12.3581747833872,2.55310129684047,0.415612402027348,0.08559824812296,0.651622883952851,0.19302165456441,0.0381051870867698,0.228294048607087,1.09492863741493,0.17298171324226,0.337811916174945,0.0425876185545538,0.0959569525938623,0.273876577613758,0.712774532031351,0.088616904298562,2.18326528407883,0.335582059677855,1.6445893407584,0.556849154035287,0.00950804687523876,0.0649250138075687,0.409955722694665,0.0359274861302201,0.0822149149216201,0.00779560034627176,0.0640241594387434,0.424174462921982,1.21779406397255,0.233911923763716,4.37697197797776,1.25765152141385,4.21180276048312,0.832657363201383,0.125492133852554,0.479684622887486,1.99592729634007,0.287251726528304,0.589345472169813,0.0657432920104142,0.379136609792369,1.75265280460484,2.60661908151677,0.434788915735849,15.9537257999096,3.43652501169705,19.3274989389681,6.66739255381992,0.456363308726491,3.98702125446519,22.8766321487311,2.80558970758815,5.35009490312169,0.532176898182041,1.7841102721334,6.70551381183879,17.2812860745361,2.82547896328299,230.84634514188,39.9393828208454,77.461537697291,22.0013544689693,0.0519822023888103,4.78835885456852,42.1679036457237,2.13345080200134,4.02309145547957,0.0600799618921566,1.44332055420591,66.6810760958568,61.7908739169362,12.7655064842023,12.0527596587931,2.48234919556584,18.8970636346327,5.59762798236789,1.10505042551633,6.62052740960554,31.7529304850329,5.01646968402553,9.79654556907342,1.23504093808206,2.78275162522201,7.94242075079899,20.6704614289092,2.5698902246583,15.2828569885518,2.34907441774498,11.5121253853088,3.89794407824701,0.0665563281266713,0.454475096652981,2.86969005886265,0.251492402911541,0.575504404451341,0.0545692024239023,0.448169116071204,2.96922124045387,8.52455844780787,1.63738346634601,0.523691203188766,1.68268643381754,0.342800089734718,0.906063308179964,0.147853836256569,0.0361240597493194,0.121997095794818,0.44486317874351,0.0712829920544948,0.12879014304613,0.0184782224103052,0.110109530506828,0.540124348505443,0.811765011295095,0.13323395194355,1
0.619674175760798,0.224925168740849,0.995466560106174,0.247373672630013,0.0168076106104125,0.0854192661566739,0.322428584678397,0.0534527863548261,0.121155970945604,0.00753845592084927,0.0681020305192582,0.265215621653802,0.811221231910085,0.0584185451717666,0.421589253645464,0.0707577318478343,0.732923922181409,0.171646945759257,0.0155355265456454,0.151146985778551,0.674693001997376,0.102729658140113,0.196786530796419,0.00923971260957658,0.0577551695445316,0.227110430432437,0.631659790550434,0.0886605409747075,23.4826938179769,9.6111929810951,33.8909784399804,7.90828700569464,0.0114121947432008,3.22995343041187,3.17350506140351,1.33293538148739,3.83398124287814,0.00764390827621325,5.08400254431529,6.06067414156623,54.1353457833231,3.24163412088863,0.356190244814614,0.0629996651169563,0.505963699288637,0.193574145576556,0.0940838752950578,0.211243459266246,0.863158121391167,0.168255057826678,0.288300536928248,0.0276564748968333,0.108584622484608,0.248349191747949,0.526417571974678,0.103312427185479,2.03266363979439,0.747284469406144,2.77752019200996,0.590626424327943,0.0113435081785325,0.226435640235631,0.397515080039575,0.0800309424530431,0.108586069735632,0.00576041733952249,0.234666266053995,0.630551328648432,2.31768244467374,0.212516478346061,5.57706758184719,2.02432651866764,8.95919904095557,2.22636305367012,0.151268495493713,0.768773395410065,2.90185726210557,0.481075077193435,1.09040373851044,0.0678461032876434,0.612918274673324,2.38694059488422,7.30099108719077,0.525766906545899,13.9124453703003,2.33500515097853,24.1864894319865,5.66434921005549,0.512672376006299,4.98785053069218,22.2648690659134,3.39007871862374,6.49395551628181,0.304910516116027,1.90592059496954,7.49464420427042,20.8447730881643,2.92579785216535,117.413469089884,48.0559649054755,169.454892199902,39.5414350284732,0.057060973716004,16.1497671520594,15.8675253070176,6.66467690743695,19.1699062143907,0.0382195413810663,25.4200127215765,30.3033707078311,270.676728916615,16.2081706044431,10.3295170996238,1.82699028839173,14.6729472793705,5.61365022172011,2.72843238355668,6.12606031872115,25.0315855203438,4.87939667697365,8.36071557091919,0.802037772008165,3.14895405205363,7.20212656069053,15.2661095872657,2.99606038837888,14.2286454785607,5.23099128584301,19.4426413440697,4.1343849702956,0.0794045572497273,1.58504948164942,2.78260556027703,0.560216597171302,0.760102488149421,0.0403229213766574,1.64266386237797,4.41385930053903,16.2237771127162,1.48761534842243,0.396874952381203,0.979347828135664,0.412565962634802,1.58931583958242,0.682039679432545,0.0255632476394736,0.189209013342453,0.696004396297506,0.131457864524253,0.306922853297347,0.0199491471916442,0.173926754250829,0.458177118558401,2.43379222780046,0.162841171717277,1
0.463056920409222,0.105223558872945,0.933831483624931,0.221255833257177,0.0131738028677899,0.110841407743834,0.341135603597217,0.0593464061283852,0.138923009451105,0.00746570082590725,0.068704044943735,0.26179404992973,0.446444224237425,0.0723086442288943,0.280011160177231,0.0911925939522525,0.31219741666746,0.138981199328224,0.0187644516667589,0.111011061380222,0.47094146586351,0.0612597345489893,0.129607831332653,0.0115513611547624,0.0542532947834474,0.158060802033721,0.309222992624906,0.0865843358632902,68.403563605104,14.3349753848783,4.57299539681166,5.80447931841216,0.0297237659882938,0.239424560729679,0.963570610679377,0.287485148668932,0.310787722098583,0.00742150920944236,0.439902347019634,1.57225314090521,6.34223134200966,4.90485309391008,0.334937442881766,0.0762030228814239,0.410357688729909,0.143562010966911,0.0374900547917809,0.221559038837494,0.834481166301659,0.123029680097381,0.251256106322575,0.0207089974356254,0.0765402827025077,0.167755775455965,0.441868003937989,0.0870191712958389,3.38705388646765,0.937488471076768,1.99856985898027,0.696617108429469,0.00895709606976971,0.140886884848571,0.219223811797638,0.0829214490757336,0.0671331276215798,0.00477425747349395,0.16972294992433,0.4409947024897,0.90728963465794,0.17729947924014,4.167512283683,0.947012029856508,8.40448335262438,1.9913024993146,0.11856422581011,0.99757266969451,3.07022043237495,0.534117655155467,1.25030708505995,0.0671913074331653,0.618336404493615,2.35614644936757,4.01799801813683,0.650777798060049,9.24036828584861,3.00935560042433,10.3025147500262,4.58637957783138,0.619226905003042,3.66336502554732,15.5410683734958,2.02157124011665,4.27705843397754,0.381194918107158,1.79035872785376,5.21600646711279,10.2043587566219,2.85728308348858,342.01781802552,71.6748769243917,22.8649769840583,29.0223965920608,0.148618829941469,1.19712280364839,4.81785305339689,1.43742574334466,1.55393861049291,0.0371075460472118,2.19951173509817,7.86126570452607,31.7111567100483,24.5242654695504,9.7131858435712,2.20988766356129,11.9003729731674,4.16329831804041,1.08721158896165,6.42521212628733,24.1999538227481,3.56786072282404,7.28642708335469,0.600560925633137,2.21966819837272,4.86491748822299,12.8141721142017,2.52355596757933,23.7093772052735,6.56241929753738,13.9899890128619,4.87631975900629,0.062699672488388,0.986208193939997,1.53456668258346,0.580450143530136,0.469931893351059,0.0334198023144576,1.18806064947031,3.0869629174279,6.35102744260558,1.24109635468098,0.668080896749443,1.57989229115304,0.270378280734747,3.04532065448237,0.477603636116307,0.0271075969466698,0.35992424160099,0.705258402145974,0.118156449973166,0.237048343958669,0.0233800985029956,0.160017508233399,0.693308289702806,1.35462115209742,0.203219093468381,1
0.457818550871882,0.183106652704028,0.568199910818363,0.369801519758814,0.00772121424007981,0.0662691797279263,0.264756000817355,0.0602184523215572,0.0778224462401636,0.0129186211267224,0.0525750740062046,0.265412546129649,0.472289096887404,0.0794692145795619,0.294921687695683,0.0902028337360685,0.373574634725227,0.205444642905767,0.0237089902955197,0.0855081383294872,0.366767012591566,0.0812332770227415,0.148077483852641,0.0125603493614441,0.059133050509273,0.194764677348308,0.512838486525497,0.0561708012330746,21.2232887789068,13.4193124264381,13.1251731234516,20.2167648834288,0.0147887574043267,0.238542092089506,1.09521467572871,0.280607207106312,0.223481718129278,0.00933824948639328,1.16959600710237,4.3184634737775,19.2120085388034,11.4461322006412,0.368773375374042,0.0787509982486423,0.41516987955415,0.146465180462277,0.0642069614234188,0.209601650820626,0.952356767898202,0.155033449234389,0.243719178685633,0.035106703914579,0.0769401055698456,0.172334935560997,0.388512304338537,0.109706957635612,1.45845519979368,0.977387491682542,1.47774773912792,1.40241402820332,0.00615655600858062,0.0572979089582352,0.185583636074053,0.0645357841517843,0.166674967156543,0.0112917707691825,0.0887345519353306,0.468438925423811,1.79148240505927,0.443087340574408,4.12036695784693,1.64795987433626,5.11379919736527,3.32821367782932,0.0694909281607183,0.596422617551337,2.38280400735619,0.541966070894015,0.700402016161473,0.116267590140501,0.473175666055841,2.38871291516684,4.25060187198664,0.715222931216057,9.73241569395756,2.97669351329026,12.3279629459325,6.77967321589031,0.782396679752149,2.82176856487308,12.1033114155217,2.68069814175047,4.88655696713716,0.414491528927657,1.95139066680601,6.42723435249417,16.9236700553414,1.85363644069146,106.116443894534,67.0965621321903,65.625865617258,101.083824417144,0.0739437870216337,1.19271046044753,5.47607337864356,1.40303603553156,1.11740859064639,0.0466912474319664,5.84798003551186,21.5923173688875,96.0600426940169,57.2306610032059,10.6944278858472,2.28377894921063,12.0399265070704,4.24749023340603,1.86200188127915,6.07844787379815,27.6183462690479,4.49597002779728,7.06785618188334,1.01809441352279,2.23126306152552,4.99771313126891,11.2668568258176,3.18150177143274,10.2091863985558,6.8417124417778,10.3442341738954,9.81689819742324,0.0430958920600644,0.401085362707646,1.29908545251837,0.45175048906249,1.1667247700958,0.0790423953842774,0.621141863547314,3.27907247796668,12.5403768354149,3.10161138402086,0.287752133199186,1.41489897134961,0.407735906186643,1.59624191591281,0.852685197840263,0.0120957974620544,0.125691191802847,0.682779396471162,0.119201887472878,0.152739491675338,0.0294815825045393,0.127969222295673,0.55073693913515,1.37767352929057,0.180205194165285,1
0.633714716158496,0.207342588420196,0.771304067141009,0.24417991389193,0.0384012527717147,0.143646276838703,0.354815619096429,0.042278149175647,0.0966008060407907,0.00805196577590388,0.0661206005142186,0.361609859600927,0.704456729491051,0.120048314230619,0.326429135891243,0.0781337867505579,0.422213035655209,0.16911783803414,0.0270273642460714,0.108003871702366,0.502672855915224,0.0829793851803824,0.178740941283852,0.0149824602141535,0.0606218181006967,0.212824990242956,0.571500126421903,0.0755393771931433,12.2724002102333,4.37783134377264,4.97519696032853,1.35520745310226,0.0147234321534715,0.497614736910448,1.90920501642893,0.718124316568669,0.369818221291716,0.0166305237136366,0.283590404543812,1.24382621347969,3.35301120027825,1.1790347904734,0.377763678328502,0.0884354770872424,0.553274036581529,0.25652760952424,0.0563180145714862,0.231615854127373,1.35319357534201,0.173737945248105,0.239449288087794,0.0188368623204746,0.106149736258982,0.280085374952207,0.509655983215975,0.152542828310064,0.934745911812365,0.420737952753702,0.919475508134408,0.353187713175868,0.0501799442304252,0.159832206390809,0.398298661953727,0.0824944730742614,0.154363661475274,0.0125423985897496,0.0808558083884111,0.327644872785599,0.430179352891122,0.195767764384461,5.70343244542647,1.86608329578176,6.94173660426908,2.19761922502737,0.345611274945433,1.29281649154833,3.19334057186786,0.380503342580823,0.869407254367117,0.0724676919831349,0.595085404627967,3.25448873640835,6.34011056541946,1.08043482807557,10.772161484411,2.57841496276841,13.9330301766219,5.58088865512661,0.891903020120358,3.56412776617809,16.5882042452024,2.73831971095262,5.89845106236712,0.494421187067066,2.00051999732299,7.02322467801754,18.8595041719228,2.49279944737373,61.3620010511665,21.8891567188632,24.8759848016427,6.7760372655113,0.0736171607673577,2.48807368455224,9.54602508214467,3.59062158284334,1.84909110645858,0.0831526185681831,1.41795202271906,6.21913106739844,16.7650560013912,5.89517395236702,10.9551466715265,2.56462883553003,16.0449470608643,7.43930067620296,1.6332224225731,6.71685976969383,39.2426136849183,5.03840041219505,6.94402935454601,0.546269007293762,3.07834235151047,8.122475873614,14.7800235132633,4.42374202099185,6.54322138268656,2.94516566927592,6.43632855694086,2.47231399223107,0.351259609612976,1.11882544473567,2.78809063367609,0.57746131151983,1.08054563032692,0.0877967901282471,0.565990658718878,2.2935141094992,3.01125547023786,1.37037435069123,0.238451160380616,0.765534070772636,0.40150269985514,1.07483631481407,0.935855666160565,0.0576522181240422,0.245661957472809,0.885959384630293,0.0784001956296951,0.242219465836758,0.019949625791425,0.11028809377768,0.822222250473871,1.61540128512227,0.338641742652764,1
0.546927509161385,0.113690000417634,1.07001669964357,0.147535490048675,0.0171387063973335,0.0551606869424927,0.351163313573322,0.0712380295915243,0.146602675438934,0.0194619296398015,0.0491273706333968,0.313862355287122,0.47016314758322,0.058034229486216,0.242630544837607,0.0607264767350485,0.420712953072188,0.099853559198595,0.0318313332970209,0.0768885684472675,0.403864988686651,0.0537435855168461,0.157996965952214,0.0266568879702268,0.0402796541986575,0.160546601436452,0.385461076606993,0.0822578229638875,6.02906936428776,4.6796652316214,18.1829968105168,0.75972922179694,0.0150326100887655,0.177226936124678,1.39553010678519,0.94163235514352,0.477111781252071,0.0136638183042771,0.120398889841808,0.603529234456901,0.621435319779422,9.50340374663905,0.263512506134387,0.099819636148723,0.332222537879529,0.168090780844183,0.0481826427459939,0.171862815343644,1.05515000709178,0.139290909851712,0.323452619748676,0.0547173507330591,0.0880500386854678,0.16549507606646,0.7042115995294,0.112197785198998,0.973474234408139,0.496782415451866,3.11914313034578,0.155686947302059,0.011916469961838,0.0504965303331844,0.150777533026845,0.0431089785340134,0.282064334009568,0.0129772989818393,0.0690825716443899,0.493653392520788,0.842291763288959,0.306564008167945,4.92234758245246,1.02321000375871,9.63015029679212,1.32781941043807,0.154248357576002,0.496446182482434,3.1604698221599,0.641142266323719,1.31942407895041,0.175157366758213,0.442146335700571,2.8247611975841,4.23146832824898,0.522308065375944,8.00680797964104,2.0039737322566,13.8835274513822,3.29516745355363,1.05043399880169,2.53732275875983,13.3275446266595,1.77353832205592,5.21389987642306,0.879677303017486,1.3292285885557,5.29803784740292,12.7202155280308,2.71450815780829,30.1453468214388,23.398326158107,90.9149840525841,3.7986461089847,0.0751630504438275,0.886134680623389,6.97765053392593,4.7081617757176,2.38555890626036,0.0683190915213855,0.601994449209039,3.01764617228451,3.10717659889711,47.5170187331953,7.64186267789721,2.89476944831297,9.63445359850635,4.8746326444813,1.39729663963382,4.98402164496568,30.5993502056617,4.03943638569964,9.38012597271161,1.58680317125871,2.55345112187857,4.79935720592734,20.4221363863526,3.25373577077095,6.81431964085697,3.47747690816306,21.8340019124204,1.08980863111441,0.0834152897328657,0.353475712332291,1.05544273118791,0.301762849738094,1.97445033806697,0.0908410928728748,0.483578001510729,3.45557374764551,5.89604234302271,2.14594805717562,0.617409679600267,1.10620866260467,0.283872574866912,2.40995418850532,0.254932942626407,0.0312322894604437,0.126317789691025,0.611825647509804,0.181531223776302,0.331526041843927,0.0404400484418205,0.0957413614836438,0.771975286454358,1.14483870189344,0.146115959348118,1
0.237862438832092,0.0905114442127772,2.18833776638245,0.117260704385675,0.0240880068577764,0.0515514704466621,0.292690630663952,0.0255924058543036,0.0727175294361962,0.0119785299429208,0.0447866566251093,0.366753297172074,0.329627311236097,0.122663253034464,0.299399111470671,0.069914680131119,0.99689840699097,0.117107957932663,0.0213938699377768,0.0696880434593674,0.31768677545242,0.0497167487395863,0.112196351424506,0.0266512051615929,0.0556283094029268,0.172414154643033,0.484019677854747,0.085043926180352,9.33008215468663,13.684483676059,59.5033795516336,3.6722716227786,0.0343286993829272,2.18445425709649,4.35949744745552,0.419657190856088,3.26929568528054,0.01191248465263,0.685651791189901,6.10697810279765,12.4506632565469,3.52615103194786,0.325087412304143,0.0933502018718662,0.385377109998568,0.203643855730689,0.0766868852163101,0.127110097047921,0.66803861616167,0.124839495492993,0.280224891062354,0.0407850326671472,0.0837196903896536,0.176563377734362,0.569763140412552,0.147760503044564,1.28334740724747,0.975226741970392,4.17050588902487,0.330554875486343,0.100002903071278,0.107007178501437,0.237373187267605,0.0358369952725181,0.244885451307582,0.0111353829675351,0.0875322221896188,0.489446267446293,0.990169361617218,0.323285042591296,2.14076194948883,0.814602997914995,19.695039897442,1.05534633947108,0.216792061719988,0.463963234019959,2.63421567597557,0.230331652688732,0.654457764925766,0.107806769486287,0.403079909625983,3.30077967454867,2.96664580112488,1.10396927731017,9.88017067853215,2.30718444432693,32.897647430702,3.86456261177789,0.705997707946635,2.29970543415912,10.4836635899298,1.64065270840635,3.7024795970087,0.879489770332564,1.83573421029658,5.68966710322008,15.9726493692066,2.80644956395162,46.6504107734331,68.4224183802951,297.516897758168,18.361358113893,0.171643496914636,10.9222712854824,21.7974872372776,2.09828595428044,16.3464784264027,0.05956242326315,3.4282589559495,30.5348905139882,62.2533162827347,17.6307551597393,9.42753495682016,2.70715585428412,11.1759361899585,5.90567181618999,2.22391967127299,3.6861928143897,19.3731198686884,3.62034536929678,8.12652184080826,1.18276594734727,2.42787102129995,5.1203379542965,16.523131071964,4.28505458829237,8.98343185073232,6.82658719379275,29.1935412231741,2.3138841284044,0.700020321498947,0.749050249510061,1.66161231087323,0.250858966907627,1.71419815915307,0.0779476807727459,0.612725555327331,3.42612387212405,6.93118553132053,2.26299529813907,0.335834229843242,0.661727097684439,0.185880361427392,3.0815058245061,0.252617014126731,0.0432964766775757,0.100224799482956,0.516783590579981,0.0472338436244268,0.169407029477172,0.0208617097853001,0.163512738047492,0.832603327656888,0.754149769737581,0.34780339290125,0
1.41379861382879,0.0963555841451801,0.786412942176619,0.28329268195513,0.0161349793572315,0.0680580093876271,0.350384820656166,0.0712432061959646,0.133492667477654,0.0216313579725698,0.0520915140492084,0.411691958086654,0.679288517315891,0.0772403821018202,0.463397653891777,0.0822082464751847,0.421762217739422,0.191512554825526,0.0207187417784659,0.110938018523871,0.514281261218663,0.069853843646591,0.167536062916453,0.0338322048541703,0.0516189939369458,0.292060118028386,0.537398472224378,0.0842702975804101,25.8410658302898,20.8860650067342,35.5469750539278,40.8109272346511,0.0246743758312542,1.75184980539355,5.18868640636374,1.17987006286963,1.07940613723652,0.0343853056784349,1.28760104099786,9.46169740413923,10.8171636039763,4.21969152495222,0.314121334378745,0.0728735997781246,0.468463461386869,0.177872932657105,0.0522274521109393,0.211669495728339,1.05772144869752,0.128737552861448,0.278573118228644,0.041329030440983,0.0803168615410438,0.275154004492763,0.734532124054359,0.0918005810458938,5.60249102138216,1.06852594425393,3.65900824345122,1.20328156123695,0.0166289023021646,0.281113260922405,0.617922551548264,0.216697065432264,0.159118556147286,0.0181671043289768,0.135493484123719,1.31409344859274,2.12256570312955,0.316716585108751,12.7241875244592,0.867200257306621,7.07771647958957,2.54963413759617,0.145214814215084,0.612522084488644,3.15346338590549,0.641188855763681,1.20143400729889,0.194682221753128,0.468823626442876,3.70522762277988,6.11359665584301,0.695163438916382,15.2921225784286,2.71287213368109,13.9181531854009,6.31991430924237,0.683718478689374,3.66095461128775,16.9712816202159,2.3051768403375,5.52869007624294,1.11646276018762,1.70342679991921,9.63798389493675,17.7341495834045,2.78091982015353,129.205329151449,104.430325033671,177.734875269639,204.054636173256,0.123371879156271,8.75924902696777,25.9434320318187,5.89935031434814,5.39703068618259,0.171926528392174,6.43800520498932,47.3084870206961,54.0858180198817,21.0984576247611,9.10951869698362,2.11333439356561,13.5854403802192,5.15831504705605,1.51459611121724,6.13841537612182,30.673922012228,3.733389032982,8.07862042863069,1.19854188278851,2.32918898469027,7.97946613029012,21.3014315975764,2.66221685033092,39.2174371496751,7.47968160977748,25.6130577041586,8.42297092865862,0.116402316115152,1.96779282645684,4.32545786083785,1.51687945802585,1.113829893031,0.127169730302838,0.948454388866034,9.19865414014917,14.8579599219068,2.21701609576126,0.496835945457024,3.55024250197019,0.229813359543566,1.5450570344005,0.75006086955819,0.0403654445683525,0.117255152270507,0.942414169533822,0.106067560620223,0.350438472210736,0.0396021740066836,0.108385797116645,0.552462916228996,1.4242546209761,0.138132419048612,0
0.555207042426664,0.0634808853550957,2.57909895165249,0.102850368923405,0.0178418015216703,0.0451310217108182,0.139540869896126,0.0423908239351676,0.0870665198940695,0.0183644984370265,0.0463146789823877,0.182727474426357,0.554715480374699,0.0750197135026701,0.340556756196587,0.0573085990538197,1.46020329863935,0.140528808806355,0.0189670534972399,0.116932146645157,0.502563045609812,0.0546950916629283,0.13475209351726,0.0225554841171817,0.0394471665769582,0.165924150061134,0.400128886969213,0.0841811381881815,21.7816402045659,12.9852961637871,129.689488932848,5.59572416748038,0.0421230392235481,1.62738939488845,3.55308067095758,0.55230426108903,1.77021623076726,0.0201738230344119,0.669097745106673,7.43112482432989,13.8991306606872,18.4788556211147,0.353322561621033,0.0756569551463558,0.82613405203573,0.198233047552336,0.0554799791305067,0.163601429442484,0.795487958712873,0.137791006989385,0.283076219172055,0.038421152349306,0.0695792120389302,0.204808053828536,0.502889026119004,0.1213956079698,1.43591644213569,0.282577577977323,4.25162435683995,0.214971708499856,0.0141645148654476,0.0501262521852665,0.195591198066839,0.0685208326301904,0.0515147831162931,0.0120936762260543,0.0529271289909574,0.264829685769834,0.452137458317387,0.160984410518617,4.99686338183998,0.571327968195861,23.2118905648724,0.925653320310645,0.160576213695033,0.406179195397363,1.25586782906514,0.381517415416508,0.783598679046625,0.165280485933238,0.416832110841489,1.64454726983721,4.99243932337229,0.675177421524031,11.2383729544874,1.89118376877605,48.1867088550987,4.6374506906097,0.625912765408917,3.85876083929019,16.5845805051238,1.80493802487663,4.44681908606958,0.744330975866997,1.30175649703962,5.47549695201742,13.204253269984,2.77797756020999,108.908201022829,64.9264808189353,648.447444664238,27.9786208374019,0.21061519611774,8.13694697444224,17.7654033547879,2.76152130544515,8.85108115383631,0.10086911517206,3.34548872553337,37.1556241216495,69.4956533034358,92.3942781055736,10.2463542870099,2.19405169924432,23.9578875090362,5.74875837901776,1.60891939478469,4.74444145383202,23.0691508026733,3.99593920269218,8.20921035598959,1.11421341812987,2.01779714912898,5.93943356102755,14.5837817574511,3.5204726311242,10.0514150949498,1.97804304584126,29.7613704978797,1.50480195949899,0.0991516040581332,0.350883765296866,1.36913838646788,0.479645828411333,0.360603481814051,0.0846557335823801,0.370489902936702,1.85380780038884,3.16496220822171,1.12689087363032,0.383237034614221,1.22614148636785,0.16782136591736,3.56165928800199,0.218758007868537,0.034915794586771,0.107881541063246,0.391168993650182,0.121917773898418,0.233027729577758,0.0348544795522768,0.0947439873908119,0.382485507416712,1.47157877688297,0.219327346859838,0
0.516445907128679,0.179040899066298,0.573841308569938,0.133378177229199,0.0100846834227316,0.0949113415886444,0.299929999875861,0.0406408088851929,0.113240058042228,0.0146825334804941,0.0493820867059045,0.267171353647309,0.792953345253502,0.0763121042538981,0.288103942366788,0.0967573340099139,0.35459725711759,0.119003212279321,0.0171835698190079,0.0663805307085706,0.451506742189962,0.0399444228457987,0.139413671110213,0.0208402171084129,0.033890169917427,0.187933828386695,0.410497415054492,0.0892160119461718,11.2121740118653,4.62424409400098,7.69644760489421,1.29357037945976,0.011451897929864,6.28253519074129,3.12901344152095,0.289839062090104,0.521714694440471,0.0164178662081874,0.382545523235489,4.69623906446975,5.19952844990453,2.48751745321369,0.277391365052401,0.089822036803028,0.383327347241658,0.149667033624469,0.0760774876495278,0.136632919383893,0.764582189932888,0.115429126215183,0.240820866601568,0.0721861832651936,0.070158082587295,0.199970040576704,0.535732818758751,0.138287151959797,0.813167013047457,0.69209408617538,0.838934010639749,0.141510394804706,0.0105357813422154,0.0628199152805174,0.313362183517317,0.0514416605774498,0.111404049528504,0.013686140489338,0.0671716340130302,0.505568885915299,0.738760469642438,0.106257814233429,4.64801316415811,1.61136809159668,5.16457177712944,1.20040359506279,0.0907621508045847,0.8542020742978,2.69936999888275,0.365767279966737,1.01916052238005,0.132142801324447,0.44443878035314,2.40454218282578,7.13658010728152,0.686808938285083,9.507430098104,3.19299202232716,11.7017094848805,3.92710600521758,0.56705780402726,2.19055751338283,14.8997224922688,1.31816595391136,4.60065114663704,0.687727164577627,1.11837560727509,6.20181633676093,13.5464146967982,2.94412839422367,56.0608700593263,23.1212204700049,38.4822380244711,6.46785189729879,0.0572594896493198,31.4126759537064,15.6450672076047,1.44919531045052,2.60857347220236,0.0820893310409369,1.91272761617744,23.4811953223488,25.9976422495226,12.4375872660684,8.04434958651964,2.60483906728781,11.1164930700081,4.34034397510961,2.20624714183631,3.96235466213289,22.1728835080538,3.34744466024029,6.98380513144546,2.09339931469062,2.03458439503156,5.79913117672442,15.5362517440038,4.0103274068341,5.6921690913322,4.84465860322766,5.87253807447824,0.990572763632943,0.0737504693955077,0.439739406963622,2.19353528462122,0.360091624042149,0.779828346699531,0.0958029834253659,0.470201438091211,3.53898220140709,5.17132328749707,0.743804699634001,0.525623934473362,0.861460121568358,0.362209816956068,1.45661568609726,0.270749052044736,0.0219463458126971,0.34647999522715,0.939715869979149,0.113960089820094,0.374187678981477,0.0267579888520565,0.1267918995803,0.769856057900916,1.66560716925627,0.155732205414021,0
0.536449543908158,0.119193536294633,0.662323120136265,0.14971826326472,0.0112897522809061,0.0512762752058992,0.224360993570791,0.0509394802635892,0.0787097107966234,0.00421797803532444,0.0613618974227329,0.284572714263951,0.598667113275246,0.0942921978051793,0.292636500889656,0.082746469025054,0.419399335004872,0.173456741699443,0.0239028222331385,0.0921516298492539,0.419280851555082,0.0657302099061232,0.154282462404236,0.011691084303042,0.0761854587366156,0.180724710584822,0.413132368433891,0.0775270806048867,18.2031864811487,12.6497878826532,12.0984589044582,2.7462557019582,0.0250446959315728,0.348291239224408,1.01735816142296,0.203786632401895,0.577314940609211,0.00908518531349188,0.630942066803221,1.92448575004619,12.9368454670125,4.5962214397737,0.276320018729424,0.0661114022543241,0.311655518376346,0.179665545199486,0.0421598541557965,0.158036175501296,0.964591945148273,0.0837116026714063,0.248516877036982,0.0255088926015886,0.0651260089128976,0.190331689729797,0.436928021722142,0.0930437508822158,2.5981907407931,0.58065247821281,2.03708303214749,0.383318595322708,0.0285314058141616,0.104271873958139,0.163226988322356,0.0446779032154909,0.053904910294974,0.0058243356459688,0.132456253059822,0.360304858944265,1.43569794118597,0.184069774645047,4.82804589517343,1.0727418266517,5.96090808122639,1.34746436938248,0.101607770528155,0.461486476853092,2.01924894213712,0.458455322372303,0.708387397169611,0.0379618023179199,0.552257076804596,2.56115442837556,5.38800401947721,0.848629780246614,9.65700452935865,2.73063347782678,13.8401780551608,5.72407247608163,0.788793133693572,3.04100378502538,13.8362681013177,2.16909692690207,5.09132125933977,0.385805782000387,2.51412013830832,5.96391544929912,13.6333681583184,2.55839365996126,91.0159324057437,63.248939413266,60.4922945222911,13.731278509791,0.125223479657864,1.74145619612204,5.08679080711482,1.01893316200947,2.88657470304606,0.0454259265674594,3.1547103340161,9.62242875023094,64.6842273350626,22.9811071988685,8.0132805431533,1.9172306653754,9.03801003291402,5.2103008107851,1.2226357705181,4.58304908953759,27.9731664092999,2.42763647747078,7.20698943407249,0.73975788544607,1.88865425847403,5.51961900216412,12.6709126299421,2.69826877558426,18.1873351855517,4.06456734748967,14.2595812250324,2.68323016725896,0.199719840699131,0.72990311770697,1.14258891825649,0.312745322508436,0.377334372064818,0.0407703495217816,0.927193771418754,2.52213401260986,10.0498855883018,1.28848842251533,0.331471357496027,1.10038076220549,0.293477465357986,1.6997479827054,0.343850671691974,0.0283170953469739,0.104466963848368,0.626646183876523,0.100429598786168,0.163411161042065,0.00816000353415564,0.0885996239348844,0.636653769106724,1.45449161426786,0.241624377469332,0
1.35319751031322,0.192067707284866,1.29447066843828,1.2463553582142,0.0129619649842673,0.175171659182321,0.722269262980251,0.0629020917620748,0.1126066580586,0.0196193509826774,0.074737081944917,0.663070221202894,1.05690972630735,0.0625844864367609,0.325448829992593,0.0745917401316253,0.337358329864774,0.183747036123075,0.0196611965874456,0.105425753450049,0.587450594126168,0.0745999748461992,0.137935795323242,0.0192139779169146,0.0360081821839634,0.135437481721719,0.448080511646024,0.0714317574423097,59.3758233853009,8.18678960903281,36.6349035723592,136.227734007807,0.0193259599636388,10.0267775932893,62.1877399075585,1.14103971505884,4.01296811985993,0.0100782237682139,2.086072092849,9.8474589398361,24.1033386882885,1.74138276965154,0.424966220401557,0.0855708376964154,0.516901342976971,0.273501194799335,0.0942778288040506,0.251842889071285,1.30400577544302,0.130894532817063,0.19316263771822,0.044955290272436,0.0727680748643714,0.180429282409661,0.572556412116326,0.130103849116514,5.28895428378495,0.924875024128777,2.24411377845319,11.8023341459859,0.00913197936782301,0.300809143979749,2.86612383987497,0.186934906340914,0.225233859362367,0.0172630363309931,0.163964514497465,0.930539761120049,2.45627855195131,0.331742820203014,12.178777592819,1.72860936556379,11.6502360159445,11.2171982239278,0.116657684858405,1.57654493264089,6.50042336682226,0.566118825858673,1.0134599225274,0.176574158844097,0.672633737504253,5.96763199082605,9.51218753676617,0.563260377930848,10.7398113897556,2.46152742434364,11.1328248855376,6.06365219206148,0.648819487385704,3.47904986385162,19.3858696061635,2.46179916992458,4.55188124566698,0.634061271258182,1.18827001207079,4.46943689681674,14.7866568843188,2.35724799559622,296.879116926505,40.933948045164,183.174517861796,681.138670039032,0.0966297998181941,50.1338879664465,310.938699537792,5.70519857529421,20.0648405992996,0.0503911188410697,10.430360464245,49.2372946991805,120.516693441443,8.70691384825768,12.3240203916452,2.48155429319605,14.9901389463322,7.93153464918073,2.73405703531747,7.30344378306726,37.8161674878477,3.79594145169483,5.60171649382837,1.30370341790064,2.11027417106677,5.23244918988016,16.6041359513735,3.77301162437891,37.0226799864947,6.47412516890144,15.7087964491723,82.6163390219013,0.063923855574761,2.10566400785824,20.0628668791248,1.3085443443864,1.57663701553657,0.120841254316952,1.14775160148226,6.51377832784034,17.1939498636592,2.3221997414211,0.528634141410819,3.12382082470278,0.503780428602575,2.5028115658579,2.27244359129994,0.0236623756641404,0.373672629348001,1.73054601237909,0.120863883828592,0.206817236711273,0.031772464609855,0.138752023112869,0.963385052798924,2.28482722132949,0.105202816377152,0
0.629341731506787,0.134047339738817,0.902219693164798,0.328769410446831,0.0146270248370506,0.0708276867132944,0.639758718900221,0.12466643190634,0.132469082769262,0.00869434742167343,0.0702706519025413,0.363166857913649,0.812122963643183,0.0606313642379926,0.363718438743033,0.0435378283732384,0.404863298384092,0.133698467601991,0.0159716619919288,0.0941716068923631,0.503715204321775,0.0486295327041216,0.127886057446403,0.0106743856170221,0.057994222947192,0.225759295344318,0.561375545675242,0.0876386465375689,25.4338346136328,23.4823329875843,19.8339583719773,4.60180606319989,0.0364265292731449,0.801719142108348,2.57164253679232,3.31628393903769,0.614537277069507,0.0137117407514956,0.724906189232418,4.33474712034517,14.2538800083467,2.48421242600917,0.258236168604442,0.0846212713428028,0.456213213831616,0.169034848753651,0.0976677154146808,0.19399283779713,0.92155460080737,0.157931918457854,0.38287651207507,0.0261053224406987,0.0754430708291269,0.255848697988239,0.477333930776125,0.0874697182969656,2.17717501826966,0.993034089760882,1.28113017119875,0.459390541759449,0.011322730575322,0.116038837271009,0.377926633322067,0.335398340831208,0.122828740323468,0.00810632289378129,0.101125363005443,0.203520042045714,1.02770738841079,0.148203825575528,5.66407558356108,1.20642605764936,8.11997723848319,2.95892469402148,0.131643223533455,0.637449180419649,5.75782847010199,1.12199788715706,1.19222174492336,0.0782491267950609,0.632435867122872,3.26850172122284,7.30910667278865,0.545682278141933,12.0027084785201,1.43674833631687,13.360488846675,4.41204943086571,0.52706484573365,3.10766302744798,16.6226017426186,1.60477457923601,4.2202398957313,0.352254725361729,1.91380935725733,7.45005674636249,18.525393007283,2.89207533573977,127.169173068164,117.411664937921,99.1697918598866,23.0090303159994,0.182132646365725,4.00859571054174,12.8582126839616,16.5814196951885,3.07268638534754,0.068558703757478,3.62453094616209,21.6737356017258,71.2694000417337,12.4210621300459,7.48884888952881,2.45401686894128,13.2301832011169,4.90201061385588,2.83236374702574,5.62579229611678,26.7250834234137,4.58002563527776,11.103418850177,0.757054350780263,2.18784905404468,7.41961224165894,13.8426839925076,2.536621830612,15.2402251278876,6.95123862832617,8.96791119839128,3.21573379231614,0.0792591140272542,0.812271860897061,2.64548643325447,2.34778838581845,0.859801182264279,0.056744260256469,0.7078775410381,1.42464029431999,7.19395171887556,1.0374267790287,0.509419236891046,0.955696461865239,0.340737544118724,1.45678227658073,0.530500931425694,0.0341786721985093,0.118503535641116,1.80207216735857,0.277884545301737,0.283427301228715,0.0199555509217592,0.130280457621352,0.793879840010478,1.80960036345866,0.166500049501115,0
0.522368410824225,0.153228489007826,0.632608677466148,0.280214063515468,0.0120924331787914,0.111853901926433,0.347261713481694,0.0560531809219526,0.199488790574295,0.00731692701147261,0.0554503057686731,0.294844985098408,0.648631698146694,0.076564047383233,0.276286455346089,0.0641134588793117,0.424093082737382,0.148294648081525,0.0235708887358798,0.113630566056272,0.634614598969502,0.0676064968963074,0.128088475893675,0.0116760248347295,0.0602798771251768,0.1630175249258,0.495604847282204,0.0769061292445521,12.6053658928024,12.5004320226063,18.3642639961267,8.59579861503962,0.0108012894337033,3.23132041153455,8.5715486188062,1.49711656893233,4.44203893435395,0.0105785198031966,1.40454235062289,6.31498255714355,20.0994853318562,2.79917890457889,0.259656615928393,0.0728426441793323,0.376032728063978,0.15769005844792,0.0508398638737458,0.124055552988385,0.567825550770947,0.139692869664983,0.220236234772116,0.0240601260497532,0.0713714178979173,0.137273667946455,0.525046013311611,0.0768511605356141,1.45696069706193,0.772774894303196,1.08409127957319,0.621681147567354,0.00919937231256226,0.154180455906323,0.27803176237472,0.0530984189960395,0.102119604655377,0.00711954337630304,0.0803611349329281,0.676126017338388,1.57087879238909,0.172024235198032,4.70131569741803,1.37905640107043,5.69347809719534,2.52192657163921,0.108831898609123,1.0066851173379,3.12535542133524,0.504478628297573,1.79539911516865,0.0658523431032535,0.499052751918058,2.65360486588567,5.83768528332025,0.689076426449097,9.11745302642092,2.11574414301729,13.9950717303336,4.89372338669032,0.777839328284032,3.74980867985697,20.9422817659936,2.23101439757814,4.22691970449126,0.385308819546074,1.98923594513083,5.37957832255142,16.3549599603127,2.53790226507022,63.0268294640121,62.5021601130315,91.8213199806335,42.9789930751981,0.0540064471685165,16.1566020576728,42.857743094031,7.48558284466167,22.2101946717698,0.0528925990159831,7.02271175311443,31.5749127857177,100.497426659281,13.9958945228944,7.53004186192341,2.11243668120064,10.9049491138554,4.57301169498967,1.47435605233863,3.59761103666316,16.4669409723575,4.0510932202845,6.38685080839137,0.697743655442844,2.0697711190396,3.98093637044719,15.2263343860367,2.22868365553281,10.1987248794335,5.40942426012237,7.58863895701231,4.35176803297148,0.0643956061879358,1.07926319134426,1.94622233662304,0.371688932972276,0.714837232587642,0.0498368036341213,0.562527944530496,4.73288212136872,10.9961515467236,1.20416964638623,0.323822394323356,0.759372017903609,0.418665812571794,1.37850363384231,0.405120230712324,0.0342336839111576,0.228610328608449,0.628911266814696,0.117520713577423,0.375060670671775,0.0137792628155886,0.126871939495608,0.455753613859095,1.20015365400236,0.212252943991842,0
0.797201838948963,0.240319172875884,0.878374426541763,0.135694178643879,0.010362340513946,0.118480320351686,0.426722076511564,0.100647044794079,0.170110029560002,0.00856294625126364,0.063895167518545,0.691092646174748,0.694369806811995,0.0741086605414481,0.439740087883401,0.0603075541543872,0.549924527327333,0.158188114037251,0.0202574192580596,0.106873782659791,0.454737597163759,0.0611757524662581,0.106984945844044,0.00879002590394004,0.0515814565610028,0.194629346417557,0.531113055391805,0.0687804982357405,45.156424799422,27.0235179162227,21.7373174863155,4.90330973527888,0.0101025497431403,1.73021327689506,4.58379930598175,1.02879050034875,1.72558480193013,0.00823693482054562,0.560349303284768,4.42296562650571,16.8726092528623,7.39140239850832,0.183622813905895,0.0366079571585418,0.345360836903268,0.142217961269788,0.0646372844121124,0.186196721239265,0.690629789438328,0.147514362264055,0.252982659345282,0.0170157282041191,0.0782539847552524,0.201017152736407,0.499282029046935,0.0689642220895366,3.69730561971486,1.40005006352568,1.86980071469954,0.68840220106145,0.0103011236306492,0.152732256079962,0.374315555759092,0.0584315799402925,0.167536577046969,0.00548541983158548,0.134761071297992,0.993285541400185,2.78179077343157,0.484078614751517,7.17481655054066,2.16287255588296,7.90536983887587,1.22124760779491,0.0932610646255139,1.06632288316517,3.84049868860408,0.905823403146711,1.53099026604001,0.0770665162613728,0.575056507666905,6.21983381557273,6.24932826130796,0.666977944873033,14.5114229001522,1.99014928709478,18.147509401802,5.22020776322928,0.668494835515966,3.5268348277731,15.0063407064041,2.01879983138652,3.53050321285346,0.290070854830021,1.70218806651309,6.42276843177939,17.5267308279296,2.26975644177944,225.78212399711,135.117589581113,108.686587431578,24.5165486763944,0.0505127487157017,8.65106638447529,22.9189965299088,5.14395250174376,8.62792400965064,0.0411846741027281,2.80174651642384,22.1148281325285,84.3630462643114,36.9570119925416,5.32506160327095,1.06163075759771,10.0154642701948,4.12432087682386,1.87448124795126,5.39970491593868,20.0282638937115,4.2779165056576,7.33649712101317,0.493456117919455,2.26936555790232,5.8294974293558,14.4791788423611,1.99996244059656,25.881139338004,9.8003504446798,13.0886050028968,4.81881540743015,0.0721078654145445,1.06912579255973,2.62020889031365,0.409021059582047,1.17275603932878,0.0383979388210984,0.943327499085945,6.95299878980129,19.472535414021,3.38855030326062,0.316474959482173,1.51781796922666,0.679919745912142,1.43207963880615,0.264876581033828,0.0192366937616631,0.231449751017772,0.6728637556455,0.217202986270141,0.334663497423891,0.0179464189596377,0.121176710485576,1.35686610138938,1.18546069531305,0.159333731638484,0
0.568947978099974,0.160794568367263,1.06398358168386,0.14975809359572,0.00711588457882593,0.0682167868050299,0.317219678854736,0.0540340823317442,0.128880735663066,0.0098976942236307,0.0399973065421991,0.235997440817251,0.652803879577569,0.0777425068610476,0.269301910475417,0.0480910782643902,0.366378422360726,0.0761639572935718,0.0256897788542442,0.0662074532410462,0.346806111357751,0.0364185081891961,0.125513786119664,0.0192120331247051,0.0333990462946662,0.121902381021905,0.318224415473347,0.0665753873170841,10.9184584222038,5.31030984342777,57.6825627340343,2.20511967121909,0.0145803197086756,0.396221843321115,0.826451446520773,0.231631569619277,0.493149701616419,0.0125798120618671,0.292857074127958,2.04289830909054,5.33229624595681,1.22922935716207,0.208291614976655,0.0563896224632935,0.288740028246229,0.0969467764108928,0.0875889076170788,0.125848018447845,0.712161321336511,0.0894169941756139,0.166607037340427,0.036144613333095,0.0562838067324697,0.137256954054353,0.52550911417182,0.0596998872633688,2.95961361555875,0.677176947605449,3.19297396544978,0.327124193557386,0.0109312000984611,0.103930398419114,0.463536966763576,0.0403267021658734,0.14814891706171,0.0113427469898471,0.0598593630021538,0.663802058439946,1.12341411311854,0.159288050260843,5.12053180289976,1.44715111530537,9.57585223515471,1.34782284236148,0.0640429612094334,0.613951081245269,2.85497710969263,0.486306740985698,1.1599266209676,0.0890792480126763,0.359975758879792,2.12397696735526,5.87523491619812,0.699682561749428,8.88696304568876,1.58700558272488,12.090487937904,2.51341059068787,0.847762702190057,2.18484595695452,11.4446016748058,1.20181077024347,4.14195494194893,0.633997093115269,1.10216852772398,4.02277857372287,10.5014057106204,2.19698778146378,54.5922921110189,26.5515492171388,288.412813670171,11.0255983560955,0.0729015985433778,1.98110921660557,4.13225723260387,1.15815784809638,2.4657485080821,0.0628990603093353,1.46428537063979,10.2144915454527,26.6614812297841,6.14614678581036,6.040456834323,1.63529905143551,8.37346081914063,2.81145651591589,2.54007832089528,3.64959253498752,20.6526783187588,2.5930928310928,4.83160408287238,1.04819378665976,1.63223039524162,3.98045166757622,15.2397643109828,1.7312967306377,20.7172953089113,4.74023863323814,22.3508177581484,2.2898693549017,0.0765184006892275,0.727512788933796,3.24475876734503,0.282286915161114,1.03704241943197,0.0793992289289298,0.419015541015077,4.64661440907962,7.8638987918298,1.1150163518259,0.703863866146019,1.17324227931353,0.345343236151124,2.24861665388028,0.366387575773811,0.0136505748649129,0.12931184800213,0.655710879164507,0.109027651121427,0.248798286652679,0.0184063808881834,0.0637269772372907,0.463439371069852,1.20921531164971,0.14604233490948,0
0.524363271439585,0.154138083638438,0.719667677170636,0.265867860943211,0.0151147607454795,0.0981223834198387,0.267089627639852,0.0489282272912129,0.120484108697305,0.00816839624621912,0.108994970790856,0.309415183662272,0.777268630914245,0.0500185300311749,0.291363882876327,0.0562328869308615,0.334499825000648,0.107789857758568,0.0277779323621727,0.0889018765825126,0.455730451500111,0.0700950701143388,0.127899941572275,0.0136131123905679,0.0532009658832527,0.134531272899723,0.419395393365905,0.0765743379491033,33.7119509307393,9.14355382592373,15.655779166917,8.89726316240147,0.012707867021563,1.09004307557801,11.7691978228539,0.659678128663122,0.634720649178065,0.0138229627690815,1.15941930606672,3.94177317468977,25.9092690104688,3.70818199463032,0.4861534509202,0.0711276771779016,0.565786645743654,0.193936975468573,0.0525016430747659,0.196080788871889,0.989492615232066,0.193257732498727,0.213914321263311,0.0299990368287751,0.080275363549501,0.159068838050658,0.462304610665957,0.148836000188162,1.83507741588498,0.491153455031868,1.2389927314536,0.731819672947243,0.025614216559863,0.134678734633961,0.324271170500396,0.0539196459495919,0.119590875455761,0.00591624431715259,0.108484709663874,0.331670970944412,1.33537107904159,0.136271492082825,4.71926944295626,1.38724275274594,6.47700909453572,2.3928107484889,0.136032846709315,0.883101450778548,2.40380664875867,0.440354045620916,1.08435697827575,0.0735155662159721,0.9809547371177,2.78473665296045,6.9954176782282,0.450166770280574,9.61500813491879,1.85568526871843,11.0384942250214,3.55706530603274,0.916671767951701,2.93376192722292,15.0391048995037,2.31313731377318,4.22069807188508,0.44923270888874,1.75563187414734,4.43953200569087,13.8400479810749,2.52695315232041,168.559754653696,45.7177691296186,78.278895834585,44.4863158120073,0.063539335107815,5.45021537789005,58.8459891142694,3.29839064331561,3.17360324589033,0.0691148138454074,5.79709653033362,19.7088658734489,129.546345052344,18.5409099731516,14.0984500766858,2.06270263815915,16.407812726566,5.6241722885886,1.52254764916821,5.68634287728478,28.6952858417299,5.60447424246308,6.20351531663602,0.869972068034478,2.32798554293553,4.61299630346907,13.4068337093127,4.3162440054567,12.8455419111948,3.43807418522307,8.67294912017521,5.1227377106307,0.179299515919041,0.942751142437725,2.26989819350277,0.377437521647144,0.83713612819033,0.0414137102200681,0.759392967647115,2.32169679661088,9.34759755329115,0.953900444579775,0.548941835228534,0.896166221407247,0.303125702992628,1.42137320307317,0.584299339610047,0.0460214778676644,0.262707804059057,0.681008663351223,0.0669704255771672,0.365419898746208,0.0132220329042804,0.192023546166773,0.763142414354239,1.54941418195151,0.0850837395104785,0
0.595665983416305,0.154989332161656,0.610921216104404,0.260559235767527,0.0067654512974115,0.0630112814973619,0.173372196625066,0.0356120755266599,0.0804930535422824,0.00728081917689049,0.0518559794026726,0.287475282659558,0.696324755744369,0.0586370470432394,0.361138126060131,0.0990375728969836,0.470913075906469,0.139514930718433,0.0200963275569523,0.134382368146193,0.67298239578859,0.0686756231584714,0.156101734033493,0.0117575559467232,0.0569203556715308,0.185050653752316,0.481314073156323,0.0770145126792654,25.830307540751,17.4438677228147,4.88150027191423,1.13620073304597,0.00649676126767496,0.383894063527872,1.41384723744883,0.212875831501476,0.979264547888067,0.00979672413885932,0.534718172800831,2.33559584551972,4.43315467725699,0.752302545126118,0.340028861651913,0.0479465905660351,0.516354325754415,0.202117297068435,0.0494440660767248,0.192942276350507,0.932970363816445,0.1477402154522,0.207108659068328,0.0240262925613998,0.0666377370635027,0.16643193218851,0.474504944160047,0.115392835046852,3.02199808031568,0.825524116233021,1.55329250338924,0.458525433440607,0.00753695300270653,0.0724689273831445,0.230217876137525,0.045881398817052,0.274973086936424,0.00896654201189063,0.219284460502273,0.473852598593508,2.0286410684321,0.277475984463244,5.36099385074675,1.3949039894549,5.49829094493963,2.34503312190774,0.0608890616767035,0.567101533476257,1.56034976962559,0.320508679739939,0.724437481880542,0.0655273725920145,0.466703814624053,2.58727754393602,6.26692280169932,0.527733423389154,11.9175581599843,3.26823990560046,15.5401315049135,4.6039927137083,0.663178809379426,4.43461814882437,22.2084190610235,2.26629556422956,5.15135722310527,0.387999346241864,1.87837173716052,6.10667157382643,15.8833644141587,2.54147891841576,129.151537703755,87.2193386140735,24.4075013595711,5.68100366522985,0.0324838063383748,1.91947031763936,7.06923618724415,1.06437915750738,4.89632273944033,0.0489836206942966,2.67359086400415,11.6779792275986,22.165773386285,3.76151272563059,9.86083698790546,1.39045112641502,14.974275446878,5.86140161498461,1.43387791622502,5.5953260141647,27.0561405506769,4.28446624811379,6.0061511129815,0.696762484280596,1.93249437484158,4.8265260334668,13.7606433806414,3.34639221635871,21.1539865622097,5.77866881363114,10.8730475237247,3.20967803408425,0.0527586710189457,0.507282491682011,1.61152513296267,0.321169791719364,1.92481160855497,0.0627657940832344,1.53499122351591,3.31696819015455,14.2004874790247,1.9423318912427,0.487395938769921,1.15626861044226,0.438800951239105,1.30226478856529,0.391471328525724,0.0130112504547546,0.140562086290294,0.56154716536124,0.0682282502673865,0.306193960216511,0.0185704896840314,0.169314146868409,0.663510020255931,1.7389518469151,0.104403764008431,0
0.497677754020838,0.193837896618742,0.413064948654162,0.22895781342799,0.00756103864062883,0.0803849717766569,0.392217892352317,0.0610991864526861,0.0922724025005764,0.00907129618608462,0.0605667613397289,0.143885540549304,0.319631366538415,0.0497314646720428,0.313535787569018,0.074773408942895,0.416844439614908,0.148256024090164,0.0241711461108294,0.140977198126938,0.559361242333876,0.055921051393191,0.151736180655468,0.0102319670140868,0.0610240623108689,0.184334838461425,0.45483405970565,0.0600293914619565,34.4080210406999,6.28508244445674,15.4211272091792,4.03490643339495,0.014112864366141,0.295119471720427,1.27416898975838,0.149764029464604,0.430238619902819,0.0138218166306977,1.12222758298343,6.26738950172228,20.9791391127847,1.97043767818179,0.303244081407006,0.0474755637172789,0.34605396053027,0.103838115905548,0.0540193131118153,0.214580991902889,0.869170694243141,0.118394432498758,0.236431955419251,0.0203422596999088,0.0632571501354336,0.15651817999289,0.474813325296978,0.0967907836807653,3.06517788888095,1.31270879610376,1.90499675752877,0.812600729172953,0.0114868942640485,0.0618889734658146,0.144148664340468,0.0385814900316286,0.0479468964981368,0.0147321131206145,0.138456595590978,0.578961424699363,1.98227371070099,0.134584739765855,4.47909978618755,1.74454106956868,3.71758453788746,2.06062032085191,0.0680493477656595,0.723464745989912,3.52996103117085,0.549892678074175,0.830451622505188,0.0816416656747616,0.54510085205756,1.29496986494374,2.87668229884573,0.447583182048385,10.3466809897776,2.46752249511554,13.755866507292,4.8924487949754,0.79764782165737,4.65224753818896,18.4589209970179,1.8453946959753,5.00729396163045,0.337654911464864,2.01379405625867,6.08304966922703,15.0095239702865,1.98096991824456,172.0401052035,31.4254122222837,77.1056360458961,20.1745321669747,0.0705643218307051,1.47559735860214,6.37084494879188,0.74882014732302,2.15119309951409,0.0691090831534887,5.61113791491716,31.3369475086114,104.895695563924,9.85218839090895,8.79407836080317,1.37679134780109,10.0355648553778,3.01130536126089,1.56656008024264,6.22284876518379,25.2059501330511,3.43343854246397,6.85652670715827,0.589925531297354,1.83445735392757,4.5390272197938,13.7695864336124,2.80693272674219,21.4562452221666,9.18896157272634,13.3349773027014,5.68820510421067,0.0804082598483393,0.433222814260702,1.00904065038328,0.2700704302214,0.335628275486958,0.103124791844301,0.969196169136844,4.05272997289554,13.8759159749069,0.942093178360982,0.376733680549332,1.25044684514863,0.40885498236973,1.01955172927537,0.412241050335886,0.0162656975531453,0.193773947939805,0.817332177059634,0.134222739678649,0.211179859267703,0.0179678284079074,0.125811213973138,0.249131172158495,0.796912744176643,0.0832229600185838,0
0.553960575467633,0.3433747017155,0.598594999632061,0.187557759501075,0.0103157092965557,0.0487660100169172,0.308365913132976,0.0448008860071398,0.107101309462794,0.00959355426628647,0.0617300244233247,0.365479693571457,0.676995736452785,0.0350274185991663,0.273742751113899,0.0704049948530712,0.45554497835397,0.142391395869822,0.0195180185523158,0.085354318014216,0.472890315143019,0.0846754141625207,0.162644211676571,0.00991433101153553,0.0521356404786205,0.194608461942865,0.40184215443771,0.0602901430454589,6.87164766235978,15.3425897748554,4.54167674442363,2.31536072223916,0.0121123442983734,0.958285411124395,1.16724007775025,0.304229253267877,0.414240883988031,0.00535492059401112,0.414275046963953,2.20025889823266,6.12919171967212,8.15793195902294,0.243718247945708,0.0597780844933235,0.384679933494181,0.154537146361718,0.0448043659342859,0.211380821161692,0.759059921488682,0.183118184283442,0.279346949786432,0.0244339298801815,0.0723166324625468,0.175540126530536,0.37163397115826,0.0873272213374611,1.05536113846018,0.950821514003706,0.956068353930387,0.418425702077759,0.00693166859927502,0.109241813308206,0.233618249374963,0.106501784669717,0.0625291111513652,0.0124355275809487,0.061808338100035,0.466183116734669,1.03741739967118,0.0966052828550356,4.9856451792087,3.0903723154395,5.38735499668855,1.68801983550967,0.0928413836690017,0.438894090152255,2.77529321819678,0.403207974064258,0.96391178516515,0.0863419883965783,0.555570219809922,3.28931724214311,6.09296162807506,0.315246767392497,9.03351078675866,2.32336483015135,15.032984285681,4.69891606370412,0.64409461222642,2.81669249446913,15.6053803997196,2.79428866736318,5.36725898532684,0.327172923380672,1.72047613579448,6.42207924411454,13.2607910964444,1.98957472050014,34.3582383117989,76.7129488742771,22.7083837221181,11.5768036111958,0.0605617214918672,4.79142705562197,5.83620038875127,1.52114626633938,2.07120441994015,0.0267746029700556,2.07137523481976,11.0012944911633,30.6459585983606,40.7896597951147,7.06782919042553,1.73356445030638,11.1557180713313,4.48157724448984,1.29932661209429,6.13004381368906,22.0127377231718,5.31042734421982,8.10106154380654,0.708583966525265,2.09718234141386,5.09066366938554,10.7773851635895,2.53248941878637,7.38752796922129,6.65575059802594,6.69247847751271,2.92897991454431,0.0485216801949251,0.764692693157445,1.63532774562474,0.74551249268802,0.437703778059556,0.0870486930666406,0.432658366700245,3.26328181714268,7.26192179769824,0.676236979985249,0.229056354939679,1.04259452996764,1.35389815338937,1.04739692946562,0.323234410828617,0.0199223264571759,0.141330191457409,0.548921793941299,0.0963882769877708,0.194872661332787,0.0193789355294172,0.140129447573081,0.811971092832654,1.28810979645787,0.0509059982683898,0
0.574011143515146,0.212246049939404,0.71964239766878,0.165310138476948,0.00729216829137365,0.0515196166149477,0.325769980628788,0.0787031542195023,0.140005945794096,0.00819418619908653,0.0667484535687743,0.331689581164942,0.600726535495676,0.0359603702474297,0.309583436927257,0.0814021355952819,0.430360102695195,0.130013969128889,0.0168726880754036,0.107798761675407,0.522846376135768,0.0616630326235128,0.106740898345246,0.00910423957459878,0.0495102993101728,0.1549621296298,0.392770098854267,0.054690512868313,17.5223667234354,5.86390753063559,11.662630453291,4.4800041335882,0.0154479209406375,0.365174993676325,1.70636415972175,0.422353290186058,0.745613175477342,0.0079252560048555,0.661197220932755,4.39181722517651,19.948173176304,6.89450878352021,0.244874791752908,0.0640403000633412,0.356650085371638,0.136396426094196,0.052667432878522,0.134781323834518,0.71019925801145,0.183644730195374,0.17021118337825,0.0150423888621893,0.0646137035277308,0.159453538318707,0.42635088087555,0.0662244825696554,3.31372844123775,1.58316157182664,2.31100010051088,0.761497288915708,0.00888855938889463,0.11448545588052,0.212725771961273,0.0671335189659001,0.119932286521172,0.0108542519845544,0.0835864669162304,0.823705487797115,1.8074958800859,0.349608047337282,5.16610029163631,1.91021444945464,6.47678157901902,1.48779124629253,0.0656295146223628,0.463676549534529,2.93192982565909,0.708328387975521,1.26005351214686,0.0737476757917788,0.600736082118969,2.98520623048448,5.40653881946109,0.323643332226867,10.2162534185995,2.6862704746443,14.2018833889414,4.29046098125335,0.556798706488318,3.55735913528842,17.2539304124803,2.03488007657592,3.52244964539312,0.30043990596176,1.6338398772357,5.1137502777834,12.9614132621908,1.80478692465433,87.6118336171772,29.3195376531779,58.3131522664549,22.400020667941,0.0772396047031876,1.82587496838163,8.53182079860876,2.11176645093029,3.72806587738671,0.0396262800242775,3.30598610466377,21.9590861258825,99.7408658815198,34.4725439176011,7.10136896083433,1.85716870183689,10.3428524757775,3.95549635673167,1.52735555347714,3.90865839120103,20.595778482332,5.32569717566584,4.93612431796924,0.43622927700349,1.87379740230419,4.6241526112425,12.3641755453909,1.92050999452001,23.1960990886643,11.0821310027865,16.1770007035762,5.33048102240995,0.0622199157222624,0.80139819116364,1.48908040372891,0.469934632761301,0.839526005648205,0.0759797638918808,0.585105268413613,5.7659384145798,12.6524711606013,2.44725633136097,0.275384653521782,1.42352626900068,0.593911305658075,1.99639320630741,0.511724220580935,0.0116602296959414,0.100439235540866,0.872376146405408,0.110922482732701,0.262995664257403,0.0187821931777554,0.165755710236311,0.896947308692244,1.38849029968965,0.0667810133638941,0
0.677861143201816,0.106159621809381,0.732825923340579,0.324754609715856,0.0120239216435762,0.0686361764422829,0.349149285633183,0.0892014615997227,0.109151341476019,0.00528386970836698,0.080188058282679,0.437418023444853,0.975957173609867,0.0644620506441667,0.34294645245515,0.0554092226639801,0.493766710609137,0.138757510023562,0.0154127314310405,0.106625120065444,0.519587970934888,0.0729733798096694,0.153754702006618,0.010257831848738,0.0540642898704713,0.185513262556204,0.413048372014151,0.0826043554472546,20.2828166731353,3.92519388225113,8.43183795469569,3.38478433526412,0.0155075521607753,0.336813947499105,1.28741922009498,0.29904964002438,0.207022784713367,0.00247842492308142,0.759260404686086,2.30382621652111,12.0106114212399,9.72017620771566,0.442612672804413,0.101248438039767,0.508978661917054,0.233781650742957,0.0471675248596641,0.179740867711909,0.917188666242282,0.139562087470517,0.328149756583086,0.0257612833970041,0.0890023347552531,0.234858117778941,0.453246350538687,0.0997779884857515,1.51478113694417,0.324628564583186,0.875749675365707,0.465622601444349,0.0209717661729741,0.100634290802258,0.322436644868448,0.0895071006248342,0.120002379647208,0.00898091317441929,0.151833472039375,0.451689559377227,1.30442274327236,0.463058481117889,6.10075028881634,0.955436596284425,6.59543331006521,2.92279148744271,0.108215294792186,0.617725587980546,3.14234357069864,0.802813154397505,0.98236207328417,0.0475548273753029,0.721692524544111,3.93676221100367,8.78361456248881,0.5801584557975,11.3172329310199,1.82850434791134,16.2943014501015,4.57899783077753,0.508620137224337,3.51862896215966,17.1464030408513,2.40812153371909,5.07390516621838,0.338508451008355,1.78412156572555,6.12193766435472,13.630596276467,2.7259437297594,101.414083365677,19.6259694112556,42.1591897734785,16.9239216763206,0.0775377608038767,1.68406973749553,6.43709610047489,1.4952482001219,1.03511392356684,0.0123921246154071,3.79630202343043,11.5191310826056,60.0530571061994,48.6008810385783,12.835767511328,2.93620470315325,14.7603811955946,6.77966787154576,1.36785822093026,5.21248516364537,26.5984713210262,4.047300536645,9.5163429409095,0.747077218513119,2.58106770790234,6.81088541558928,13.1441441656219,2.89356166608679,10.6034679586092,2.2723999520823,6.13024772755995,3.25935821011045,0.146802363210819,0.704440035615807,2.25705651407914,0.626549704373839,0.840016657530459,0.062866392220935,1.06283430427562,3.16182691564059,9.13095920290649,3.24140936782522,0.305008308596904,1.59515416475387,0.259036644315749,1.55829126961582,0.720519178099937,0.0321184894703347,0.186276604666111,0.864290809393383,0.173801373442638,0.205211370220602,0.0123056639321664,0.198015992684287,0.95517837716633,1.55091059777364,0.154645490299061,0
0.597410400153399,0.0638861493992825,0.774692493028844,0.235421276452111,0.00793361459541712,0.112940528113743,0.63988572127136,0.0486811606565914,0.135070520893945,0.0051461092739896,0.0847338485465326,0.275934568159717,0.594918357380401,0.0706751543980532,0.30039906705317,0.0682045356988177,0.517372225994594,0.186385191862777,0.0240321765016778,0.140546788329611,0.669998543127056,0.0975685992965273,0.17088375048703,0.0109831514916923,0.0588320013042489,0.202179627828234,0.448533975775217,0.0869135126126601,17.7289531068424,6.21348794615447,4.25495402037665,1.20242388294567,0.0095618844418621,0.463213498744919,6.44809786642387,0.131247641319628,0.419784260591431,0.00838265794555471,0.854547214986258,1.58157400729996,3.71635943905497,2.54870012663438,0.243799644318405,0.0784931872360174,0.37324552791045,0.137615543651761,0.0236309757753683,0.223354491297539,0.990848668787478,0.114605695144436,0.203906670269591,0.0152488663469527,0.0731467765417808,0.150764307485864,0.351732237811539,0.0904760715142138,1.72741193710345,0.303669843947626,1.27864440478905,0.370601583765558,0.00695221189032349,0.103049013417602,0.697981598864967,0.0632989022992,0.0994676376229019,0.00487241145187491,0.0991157964787292,0.308064001971737,1.30294612068695,0.196893290594653,5.37669360138059,0.574975344593542,6.97223243725959,2.118791488069,0.071402531358754,1.01646475302369,5.75897149144224,0.438130445909322,1.2156346880455,0.0463149834659064,0.762604636918794,2.48341111343745,5.35426521642361,0.636076389582479,9.9131692127546,2.25074967806098,17.0732834578216,6.15071133147164,0.793061824555367,4.63804401487715,22.1099519231928,3.2197637767854,5.639163766072,0.362443999225845,1.94145604304021,6.67192771833173,14.8016212005822,2.86814591621778,88.6447655342118,31.0674397307724,21.2747701018833,6.01211941472834,0.0478094222093105,2.31606749372459,32.2404893321194,0.656238206598139,2.09892130295715,0.0419132897277735,4.27273607493129,7.9078700364998,18.5817971952749,12.7435006331719,7.07018968523376,2.2763024298445,10.824120309403,3.99085076590106,0.685298297485679,6.47728024762863,28.7346113948369,3.32356515918864,5.91329343781813,0.442217124061629,2.12125651971164,4.37216491709005,10.2002348965346,2.6238060739122,12.0918835597241,2.12568890763338,8.95051083352335,2.59421108635891,0.0486654832322644,0.721343093923214,4.88587119205477,0.4430923160944,0.696273463360313,0.0341068801631244,0.693810575351104,2.15644801380216,9.12062284480868,1.37825303416257,0.487961865840171,1.13194002982992,0.186547075242955,1.40352098751828,0.733843112827873,0.0174333743674028,0.192831796278701,1.88005898800584,0.117443907941534,0.298860844251611,0.0105110930676843,0.212463054027354,0.758442000268036,1.21036752803861,0.143990220996876,0
0.367296690251253,0.065736497984426,4.01589885925745,0.0978305323932585,0.00977499245081751,0.0969939654785951,0.244280456641222,0.0371153451388012,0.0748639483137759,0.00736422461045497,0.0297383442232736,0.169777014245213,0.359810554212437,0.0575782150935832,0.291799368184785,0.0737307139040523,0.841506167301862,0.116278072470706,0.0202143383134136,0.0815783922968842,0.406998187092629,0.0550416298670885,0.15342804710326,0.0199922832289603,0.0455376781852015,0.187124172245022,0.481340486567261,0.0609912027509287,14.8029539227963,7.88683387925801,36.5184573113668,1.17711269835294,0.0131181739641346,0.745858844960936,2.13765488503201,0.333617255138125,0.915662698988287,0.0166245853721372,0.384747407282248,2.51112200198708,4.9898592594847,1.34124890136399,0.284069326446214,0.0627306635049605,0.801053972184415,0.150028397238638,0.061471758606272,0.122989640696953,0.722877849345124,0.0927750517776689,0.260663927574666,0.0441684646024731,0.0747394556351325,0.214197363030289,0.571805772143674,0.0896573941825308,1.2908751738811,0.102195142339388,12.5032551373867,0.19239074380682,0.012237935376784,0.118969088078057,0.248010011031457,0.0536543119742968,0.122641443623388,0.0119293346521895,0.0481435950199402,0.203325002222135,0.699704179443159,0.20220149916335,3.30567021226128,0.591628481859834,36.1430897333171,0.880474791539327,0.0879749320573576,0.872945689307356,2.19852410977099,0.33403810624921,0.673775534823983,0.0662780214940948,0.267645098009463,1.52799312820692,3.23829498791193,0.518203935842249,9.62937915009789,2.43311355883373,27.7697035209614,3.83717639153329,0.667073164342649,2.69208694579718,13.4309401740568,1.81637378561392,5.06312555440757,0.659745346555689,1.50274338011165,6.17509768408573,15.8842360567196,2.01270969078065,74.0147696139814,39.4341693962901,182.592286556834,5.8855634917647,0.0655908698206728,3.72929422480468,10.68827442516,1.66808627569062,4.57831349494143,0.0831229268606858,1.92373703641124,12.5556100099354,24.9492962974235,6.70624450681994,8.23801046694022,1.81918924164385,23.230565193348,4.3508235199205,1.78268099958189,3.56669958021165,20.9634576310086,2.6904765015524,7.55925389966532,1.28088547347172,2.16744421341884,6.21172352787839,16.5823673921665,2.60006443129339,9.03612621716769,0.715365996375715,87.5227859617071,1.34673520664774,0.0856655476374881,0.832783616546396,1.7360700772202,0.375580183820078,0.858490105363719,0.0835053425653267,0.337005165139581,1.42327501555495,4.89792925610212,1.41541049414345,0.602844760222302,0.689418512371803,0.110163724092641,5.43098097234653,0.157033406458676,0.0197783626398044,0.211914319104225,0.417690077982852,0.0847669044750569,0.120123834469839,0.0143037251183627,0.081271315307485,0.381378986632944,0.723767239365392,0.102606141022241,0
0.785401924080868,0.13378319550081,0.801859757834826,2.52774716121203,0.00644872409074645,0.12752239078343,0.457291462589082,0.0531559933565122,0.132774059177431,0.007284350698412,0.0543625409807104,0.213984703742234,0.563881938947437,0.0397430486827032,0.29052593084328,0.0484818020609786,0.367983847704036,0.304564284168401,0.0176474481632503,0.115285147380459,0.555472224405089,0.0806593215998095,0.17547141483986,0.0156819726899464,0.0554966750664839,0.226914949017243,0.451418988152879,0.0783094377232397,18.4177225289082,18.1727296439093,20.3100277617889,126.046947821077,0.0347086721992623,5.27665029971455,8.8344831429633,2.73577777631908,3.15058046411639,0.0057159072043513,1.26661689154646,17.7947404608474,21.9863136480498,5.43693716647029,0.234410845169978,0.0458884778159447,0.325651473614872,0.190665011594394,0.0332569845518686,0.140721905811289,0.648261498230966,0.110084435668915,0.185804759468562,0.0195274305176203,0.090263308266753,0.245346740018297,0.449743756335852,0.095163273462673,2.8148892427973,1.22713235148919,2.72005949908924,10.3036250471369,0.00825876590399823,0.341594261159914,0.908313288658089,0.175291262143213,0.342526878538362,0.00643504420271659,0.21079016266655,2.70877243953641,2.34359167783999,0.167055642536281,7.06861731672781,1.20404875950729,7.21673782051344,22.7497244509083,0.058038516816718,1.14770151705087,4.11562316330174,0.47840394020861,1.19496653259688,0.065559156285708,0.489262868826394,1.9258623336801,5.07493745052693,0.357687438144329,9.58735571782823,1.59989946801229,12.1434669742332,10.0506213775572,0.582365789387261,3.80440986355514,18.3305834053679,2.66175761279371,5.79055668971539,0.517505098768231,1.83139027719397,7.48819331756901,14.896826609045,2.58421144486691,92.0886126445408,90.8636482195463,101.550138808945,630.234739105384,0.173543360996311,26.3832514985728,44.1724157148165,13.6788888815954,15.752902320582,0.0285795360217565,6.33308445773229,88.9737023042368,109.931568240249,27.1846858323514,6.79791450992935,1.3307658566624,9.44389273483129,5.52928533623743,0.964452552004189,4.08093526852738,18.799583448698,3.19244863439853,5.38833802458831,0.566295485010989,2.61763593973584,7.11505546053061,13.0425689337397,2.75973493041752,19.7042246995811,8.58992646042435,19.0404164936247,72.1253753299583,0.0578113613279876,2.3911598281194,6.35819302060663,1.22703883500249,2.39768814976853,0.0450453094190161,1.47553113866585,18.9614070767549,16.40514174488,1.16938949775397,0.212668013050207,1.75785166466149,0.369758289122723,1.62637432569038,4.22961758674785,0.0100633026681223,0.249277910462862,0.858433737287406,0.103835197260294,0.480489862745231,0.0187769386774901,0.115280876138735,0.369227098610735,1.06242441759449,0.0801501893928888,0
0.41168284069169,0.149170165812218,0.618370667697073,0.130706282137446,0.017889235785872,0.0658128664798876,0.160226347178933,0.032262524235037,0.0929901173190037,0.0209526327136702,0.0248047594098096,0.254061385158767,0.375260400191386,0.0244158617326541,0.359678159709122,0.062984418808573,0.418273288836179,0.159779295090863,0.0251150829463359,0.0970341138638102,0.579947913149323,0.0629860162913375,0.215818937931145,0.0259158892067208,0.0469854367371135,0.209031924770893,0.495148563433855,0.0940696665380525,7.19591060518034,7.5262422551835,10.9624880247539,0.860892969289594,0.0334463424298242,0.434203183559704,0.686965514804422,0.175547144069243,0.279149342171076,0.0140560635969822,0.171617375985239,0.955690949430514,1.74796809858897,6.45052470011557,0.232932711293353,0.064775286908847,0.341889015580173,0.113551257495572,0.0499681015496221,0.136919055344808,1.02479307676019,0.0915619906019492,0.184233300480182,0.050657155780531,0.0569669474507406,0.126862944020985,0.521510145108569,0.0756633217362469,1.47577167330509,0.597537087536547,1.96911044555286,0.332843791593459,0.0138456551353727,0.118502957335592,0.139368388913817,0.0273438134671648,0.121011326571418,0.0125313833075902,0.115895050355787,0.592207094081242,1.11548272792181,0.198471067183066,3.70514556622521,1.34253149230996,5.56533600927366,1.17635653923701,0.161003122072848,0.592315798318988,1.4420371246104,0.290362718115333,0.836911055871033,0.188573694423032,0.223242834688287,2.2865524664289,3.37734360172247,0.219742755593887,11.869379270401,2.07848582068291,13.8030185315939,5.27271673799849,0.828797737229085,3.20212575750574,19.1382811339277,2.07853853761414,7.12202495172778,0.855224343821787,1.55051941232475,6.89805351743946,16.3399025933172,3.10429899575573,35.9795530259017,37.6312112759175,54.8124401237694,4.30446484644797,0.167231712149121,2.17101591779852,3.43482757402211,0.877735720346213,1.39574671085538,0.0702803179849109,0.858086879926194,4.77845474715257,8.73984049294487,32.2526235005779,6.75504862750725,1.87848332035656,9.91478145182501,3.29298646737158,1.44907494493904,3.97065260499943,29.7189992260455,2.65529772745653,5.34276571392529,1.4690575176354,1.65204147607148,3.67902537660858,15.1237942081485,2.19423633035116,10.3304017131356,4.18275961275583,13.78377311887,2.32990654115421,0.0969195859476088,0.829520701349146,0.975578722396718,0.191406694270154,0.847079285999929,0.0877196831531314,0.811265352490507,4.1454496585687,7.8083790954527,1.38929747028147,0.470129084637212,0.847493156184572,0.413128617026327,1.3846420383838,0.245549688483032,0.0336730555206394,0.125453996200757,0.314463061289551,0.0704485270500682,0.139882189606017,0.0515414916287272,0.0672439719147074,0.520223299934562,0.871099191624756,0.0845138289802064,0
0.370497093608129,0.119655065793798,0.772030667856585,0.195378216469546,0.0169582011705179,0.0337371870776557,0.197338184870057,0.0308260303515343,0.0812928195013596,0.0157573208149272,0.0334993734944055,0.208565242921152,0.376655610943248,0.0783541720046414,0.267392245825344,0.0493078711188643,0.408659941667062,0.120916899450819,0.0238573377194978,0.103525742555419,0.521025106855952,0.0453722928949611,0.123131278684312,0.0312018038634305,0.0444191067016564,0.132103613895426,0.305186277195303,0.10875467853741,16.2885696075388,7.40530800397044,32.1077375464531,1.84663130011703,0.0241212987111599,0.448512616032659,1.65828144020643,0.31740110478645,1.12025017728169,0.0253369494506716,0.243437151585933,4.47565731632793,11.3372112536821,19.8869939920082,0.269221458247583,0.052217428475253,0.479278209125562,0.153330924325318,0.0548641472234793,0.138818535707845,0.907567063404361,0.133439391040617,0.331993880336159,0.0406695755436281,0.066277912509936,0.200999900948902,0.427297206133173,0.0945809741182536,0.955549845469936,0.281008722536815,2.42408106919336,0.154252379194616,0.0104477599795926,0.0279902984916773,0.200452559738743,0.0266983337295889,0.104110763824818,0.0192767128001903,0.0699326987486242,0.418057936854434,1.30269388313145,0.539191459810709,3.33447384247316,1.07689559214418,6.94827601070927,1.75840394822591,0.152623810534662,0.303634683698902,1.77604366383052,0.277434273163809,0.731635375512236,0.141815887334345,0.30149436144965,1.87708718629037,3.38990049848923,0.705187548041772,8.82394411223637,1.62715974692252,13.485778075013,3.99025768187703,0.787292144743429,3.41634950432882,17.1938285262464,1.49728566553371,4.06333219658231,1.02965952749321,1.46583052115466,4.35941925854906,10.071147147445,3.58890439173453,81.442848037694,37.0265400198522,160.538687732266,9.23315650058516,0.1206064935558,2.24256308016329,8.29140720103214,1.58700552393225,5.60125088640844,0.126684747253358,1.21718575792967,22.3782865816396,56.6860562684106,99.434969960041,7.8074222891799,1.51430542578234,13.8990680646413,4.44659680543422,1.5910602694809,4.0257375355275,26.3194448387265,3.8697423401779,9.6278225297486,1.17941769076521,1.92205946278814,5.82899712751815,12.391618977862,2.74284824942935,6.68884891828955,1.9670610577577,16.9685674843536,1.07976665436231,0.0731343198571483,0.195932089441741,1.4031679181712,0.186888336107122,0.728775346773724,0.134936989601332,0.489528891240369,2.92640555798103,9.11885718192013,3.77434021867497,0.207492712822699,0.68197615645771,0.176380340951862,1.84743107238605,0.289924664705061,0.0364291160626067,0.0620051753991432,0.330292637064195,0.0645815484574656,0.164785517809426,0.0353266304229756,0.0866798731002264,0.624795724997122,0.758520025614696,0.172037963734873,0
