1.38249464056702,1.31007388702188,0.373315080978542,0.157689535755327,0.0111365905902308,0.062540035026081,1.28233765740601,2.50323536530698,2.46713862967155,0.040807771564778,1.11425188682451,0.297346898981196,2.23631527698389,0.0343348040420865,1.28122030566609,1.26199656237352,0.528305474826834,0.216041555690505,0.020202122516761,0.100375245594337,1.05767721822407,1.47975472158314,2.0676317335032,0.0498322117095019,1.03973186141946,0.350754648538565,1.67174546429456,0.0663916163779228,10.7873350473453,14.9337534206236,2.80545670462865,2.30037485947836,0.0125824119284926,0.456663760725071,4.59398442730462,5.57957447435534,7.54042196625872,0.0416819033114624,6.1074636675364,0.627390300253335,19.1457067314292,0.201953637198362,1.30537120163223,1.40665191667449,0.665837164292692,0.286189900798093,0.0232981345363713,0.143054723246568,1.29931100436318,2.20885584140834,2.51504308543715,0.124559967130167,0.838569749430541,0.360535114885997,1.6647346670054,0.0696461788577458,2.2623253986423,2.0547050378906,0.506715067914524,0.176714062678016,0.0140450020262883,0.0893950963191977,0.96196150779826,1.37493899638643,1.54802326957647,0.0583097613621673,0.75194435397399,0.171650247833084,2.38141337390154,0.0741334072018082,12.4424517651032,11.7906649831969,3.35983572880688,1.41920582179794,0.100229315312077,0.562860315234729,11.5410389166541,22.5291182877629,22.204247667044,0.367269944083002,10.0282669814205,2.67612209083077,20.126837492855,0.309013236378779,42.2802700869811,41.645886558326,17.4340806692855,7.12937133778668,0.666670043053112,3.31238310461312,34.9033482013943,48.8319058122435,68.2318472056056,1.64446298641356,34.311151426842,11.5749034017726,55.1676003217206,2.19092334047145,53.9366752367263,74.6687671031178,14.0272835231433,11.5018742973918,0.0629120596424628,2.28331880362536,22.9699221365231,27.8978723717767,37.7021098312936,0.208409516557312,30.537318337682,3.13695150126668,95.7285336571461,1.00976818599181,37.8557648473346,40.7929055835603,19.3092777644881,8.2995071231447,0.675645901554768,4.14858697415048,37.6800191265322,64.0568194008419,72.9362494776774,3.61223904677485,24.3185227334857,10.4555183316939,48.2773053431567,2.01973918687463,15.8362777904961,14.3829352652342,3.54700547540167,1.23699843874611,0.0983150141840182,0.625765674234384,6.73373055458782,9.62457297470503,10.8361628870353,0.408168329535171,5.26361047781793,1.20155173483159,16.6698936173108,0.518933850412657,-0.127281705040304,2.60772152769104,2.61776837180633,0.789593137213385,0.261804998001798,0.0203248205758128,0.129147773762291,2.65882677779384,5.94825545383966,4.71019119551619,0.0772403833418064,2.11825777777506,0.867200618328861,4.92656324762661,0.0744203726327892,1
0.772284977391044,0.979770116152387,0.382056463552084,0.170296481986144,0.0198116681055338,0.0514348543954725,1.28356794611431,2.5882416514375,1.65977461922804,0.0448359041511698,1.00522879897554,0.205231369652361,0.962514412667926,0.038534909886898,1.65275520884709,1.78683766493009,0.707693535242419,0.243478749340146,0.0211638650617724,0.124879779020855,1.33592949267366,2.30455154728923,2.94545555705702,0.0434027672781584,1.07655915084662,0.41905041188662,2.0370135219224,0.0857421420564934,15.7328354768294,17.751847012625,2.20466525031906,3.12175268336634,0.0275943413279133,0.613097834191305,2.90634466391979,8.08933287469485,6.40964675839906,0.0300126206222694,12.209556611561,2.15027770540913,21.3806996410249,0.915143292956333,1.69835265323386,1.88822932942843,0.799142440332129,0.268688794145435,0.0456999424422371,0.176664004201969,1.64117289082788,2.49758991530571,3.20443367616608,0.0802170749365733,1.07906014649271,0.455653032130997,2.11632223807671,0.09530351293235,1.6650257581502,1.47516588127797,0.414444183534765,0.200495288131148,0.0149904677935655,0.0909294594208955,0.411262475580969,0.947292431110769,0.994946932901474,0.0225878682061367,0.496517585838988,0.162006775884487,2.18830204470456,0.0969967090319462,6.9505647965194,8.81793104537148,3.43850817196876,1.5326683378753,0.178305012949805,0.462913689559252,11.5521115150288,23.2941748629375,14.9379715730524,0.403523137360528,9.04705919077985,1.84708232687125,8.66262971401134,0.346814188982082,54.5409218919539,58.9656429426931,23.3538866629998,8.03479872822481,0.698407547038489,4.12103270768821,44.0856732582309,76.0502010605446,97.2000333828815,1.43229132017923,35.5264519779385,13.8286635922585,67.221446223439,2.82949068786428,78.6641773841468,88.7592350631252,11.0233262515953,15.6087634168317,0.137971706639566,3.06548917095653,14.531723319599,40.4466643734742,32.0482337919953,0.150063103111347,61.047783057805,10.7513885270457,106.903498205124,4.57571646478166,49.2522269437819,54.7586505534246,23.1751307696317,7.7919750302176,1.32529833082488,5.12325612185709,47.5940138340084,72.4301075438656,92.9285766088164,2.32629517316063,31.2927442482887,13.2139379317989,61.3733449042247,2.76380187503815,11.6551803070514,10.3261611689458,2.90110928474335,1.40346701691803,0.104933274554959,0.636506215946269,2.87883732906678,6.63104701777538,6.96462853031032,0.158115077442957,3.47562310087291,1.13404743119141,15.3181143129319,0.678976963223624,-0.0902013450231267,1.51046566628208,2.37431976646382,0.923716775008722,0.319286340635596,0.037874167827381,0.168002823097536,3.4954574357851,7.62094048110923,4.38690654030918,0.0861058886828508,2.12527704063423,0.494417438497501,1.79007421372319,0.0803667655390312,1
1.17598384409338,1.1035226675491,0.331594924134754,0.144161003788981,0.0107599118105877,0.127363557397067,1.17045151966313,1.90177279802567,1.47010193352038,0.0330923373046195,0.560856992692721,0.161863253746346,1.16811563511479,0.0873394612338784,1.33328114195639,1.45996326568073,0.502196480199078,0.216791498588655,0.0174177221606421,0.0918717978264138,1.07699906942724,1.81126683806466,2.22687056044965,0.0457622781521136,0.691107038821697,0.251092236737338,1.55414524911375,0.0628720872678439,13.5777463863724,13.3105257195831,2.7798717407863,3.37948952942372,0.0119542611461995,0.363225063673822,4.75564651885901,6.0677004023234,8.48541534198995,0.0269200498664588,6.73179767407476,1.00556312083381,18.21765183138,0.990378949839839,1.89268069421628,2.00188097237119,0.80893479424462,0.292918210081945,0.0310007140828189,0.12167969539572,1.63579598884469,2.54316691330572,3.24773232516713,0.101559478100206,1.06505163045042,0.424651666571315,2.13849139536292,0.0888839181314586,1.16210668878949,1.36353396018744,0.272779331700998,0.157886302290551,0.0287127166986077,0.159341505957577,0.809968019705295,1.10985754425524,0.983742722418869,0.0286080294360603,0.998174071333484,0.114529664671079,1.37872433250368,0.0682841156596077,10.5838545968404,9.93170400794189,2.98435431721278,1.29744903410083,0.0968392062952889,1.14627201657361,10.5340636769681,17.115955182231,13.2309174016834,0.297831035741575,5.04771293423449,1.45676928371712,10.5130407160331,0.786055151104906,43.9982776845607,48.1787877674641,16.5724838465696,7.15411945342563,0.57478483130119,3.03176932827165,35.5409692910988,59.7718056561339,73.4867284948384,1.51015517901975,22.806532281116,8.28604381233216,51.2867932207538,2.07477887983885,67.888731931862,66.5526285979156,13.8993587039315,16.8974476471186,0.0597713057309976,1.81612531836911,23.778232594295,30.338502011617,42.4270767099497,0.134600249332294,33.6589883703738,5.02781560416903,91.0882591568998,4.95189474919919,54.8877401322722,58.0545481987646,23.459109033094,8.49462809237642,0.899020708401749,3.52871116647589,47.4380836764961,73.7518404858659,94.1842374298467,2.94522486490596,30.8864972830623,12.3148983305681,62.0162504655248,2.5776336258123,8.13474682152643,9.54473772131208,1.90945532190699,1.10520411603386,0.200989016890254,1.11539054170304,5.66977613793706,7.76900280978671,6.88619905693208,0.200256206052422,6.98721849933439,0.801707652697553,9.65107032752579,0.477988809617254,-0.204316952998109,2.95242481475337,2.21710604901553,0.779961760727099,0.310228586040082,0.0256680208378683,0.19148632283043,2.87060870140605,4.90602245134075,3.12644925780061,0.0572051017890109,1.22592445084259,0.384028403658237,2.58307898872784,0.242185918203821,1
1.58727599347743,1.55440777280897,0.569000829897979,0.236088941332552,0.0136123861798801,0.0852912437324603,1.56476546196222,3.44665685537029,4.07168295935411,0.00946783619168431,1.3174870161544,0.421970159940124,2.43860803719457,0.0663749940682608,1.73315783739507,1.9050984850551,0.711218188124761,0.266341910535946,0.0124156541838736,0.140610600094939,1.80989720072888,3.24936915406178,3.12111309311342,0.0130504672012113,0.9710858878491,0.371037153164361,2.05248107005019,0.0706783433109783,9.05605433722027,9.3977488715811,1.8371373893169,2.69879578462645,0.0128051609679137,0.359770607244288,7.01995726789929,9.19430489856297,10.7928395817146,0.00679877160070898,5.49525268764595,1.14782766743686,17.6975062136157,0.360650137204989,1.35758505968933,1.45982982365203,0.655076618927818,0.221897079492121,0.023294191879385,0.167162921101534,1.40856953282211,2.29460824435787,2.21016564966646,0.0221434712664559,0.68560385922057,0.286490210909603,1.42632444544832,0.0574398103576993,1.49773587181624,1.42845244354239,0.43831516260415,0.176523946483724,0.00869191329413582,0.111084920456521,1.21660207824216,1.51785586044636,1.36493394772083,0.00548610641655749,1.08983393727413,0.39674650379487,1.13744499211712,0.160810729587963,14.2854839412968,13.9896699552807,5.12100746908181,2.12480047199297,0.122511475618921,0.767621193592143,14.08288915766,31.0199116983326,36.645146634187,0.0852105257251588,11.8573831453896,3.79773143946111,21.9474723347511,0.597374946614347,57.1942086340373,62.8682500068184,23.4702002081171,8.78928304768622,0.409716588067828,4.64014980313297,59.726607624053,107.229182084039,102.996732072743,0.430665417639972,32.0458342990203,12.2442260544239,67.7318753116562,2.33238532926228,45.2802716861014,46.9887443579055,9.18568694658452,13.4939789231322,0.0640258048395687,1.79885303622144,35.0997863394964,45.9715244928149,53.9641979085728,0.0339938580035449,27.4762634382298,5.73913833718428,88.4875310680783,1.80325068602495,39.3699667309907,42.335064885909,18.9972219489067,6.4350153052715,0.675531564502166,4.84772471194448,40.8485164518411,66.5436390863782,64.0948038403274,0.64216066672722,19.8825119173965,8.30821611637849,41.3634089180014,1.66575450037328,10.4841511027137,9.99916710479674,3.06820613822905,1.23566762538607,0.0608433930589508,0.777594443195649,8.51621454769511,10.6249910231245,9.55453763404582,0.0384027449159024,7.62883756091889,2.77722552656409,7.96211494481981,1.12567510711574,-0.158205396320899,3.13105745959529,3.84128901379044,1.14185017953833,0.511146213185386,0.0220004102576833,0.152479669440201,3.01509238548557,6.57772226656125,6.07320735439348,0.0163930121626735,2.92726252687078,0.731559149628769,4.16654783399463,0.122346499122342,1
0.773617120748314,0.612236366330103,0.379519170556538,0.0765864473406209,0.00880125329916632,0.059104342979423,1.17083358667028,2.10444693229133,2.0781415093666,0.0132842560707126,0.901558826135166,0.181769357425408,1.11634335025888,0.0316643092047255,1.15683432448779,1.14004341126593,0.464570230736217,0.161643084079561,0.017225423558275,0.0747122314810292,0.924160013722636,1.56865834543388,1.6146353152801,0.01111724249968,0.612521436044441,0.248297076983432,1.31529187314957,0.0581917964012817,8.89771753820261,11.5435022474644,2.39016060792691,1.57078375609817,0.027634169398294,0.563134310922754,4.68210156543331,8.74748516209791,6.7175039678133,0.008631633649285,4.72002039426111,1.00647330330006,17.327250935668,0.301291074350105,1.95575109942626,2.01828181035392,0.800524280261058,0.264286292087381,0.0406119834679904,0.18117629340566,1.70995984994391,2.48867717538951,2.95309292273922,0.0370103110767984,1.07439225470866,0.47034180907527,2.04391885982835,0.0795035293772861,1.48994526452014,1.48756295568863,0.403151400081549,0.286742711132109,0.00828839861353862,0.0547270906501327,0.727705615088006,1.2845925365859,0.952625643645174,0.00663194011128926,0.814555318036284,0.158132467685737,1.9768944421828,0.107678417966167,6.96255408673483,5.51012729697092,3.41567253500884,0.689278026065588,0.0792112796924968,0.531939086814807,10.5375022800325,18.9400223906219,18.7032735842994,0.119558304636413,8.11402943521649,1.63592421682867,10.0470901523299,0.284978782842529,38.175532708097,37.6214325717757,15.3308176142952,5.3342217746255,0.568438977423075,2.46550363887396,30.497280452847,51.7657253993181,53.2829654042432,0.366869002489438,20.2132073894665,8.19380354045324,43.4046318139359,1.92032928124229,44.488587691013,57.7175112373219,11.9508030396345,7.85391878049086,0.13817084699147,2.81567155461377,23.4105078271666,43.7374258104895,33.5875198390665,0.043158168246425,23.6001019713056,5.03236651650028,86.6362546783399,1.50645537175053,56.7167818833616,58.5301725002637,23.2152041275707,7.66430247053406,1.17774752057172,5.25411250876415,49.5888356483733,72.1716380862959,85.6396947594375,1.07329902122715,31.157375386551,13.6399124631828,59.273646935022,2.3056023519413,10.429616851641,10.4129406898204,2.82205980057084,2.00719897792477,0.0580187902947703,0.383089634550929,5.09393930561604,8.99214775610131,6.66837950551622,0.0464235807790248,5.70188722625399,1.10692727380016,13.8382610952796,0.753748925763172,-0.130583427504799,1.95362027360279,1.09349199097322,0.91346278595319,0.137721835285475,0.0229373118177373,0.0973539147142759,3.16249642019484,6.830759265307,6.59618794893139,0.0245146269083233,1.759630293992,0.581082724421693,2.92009797779302,0.0591153177821692,1
2.05960095258477,1.56199570197085,0.717823429468481,0.27299121129369,0.0194774645652539,0.136741230497279,1.20850966785782,1.86798217599047,2.11309654749071,0.0092271391027053,1.18167601510757,0.392479657983209,3.11509768419157,0.0859039841549554,0.936184547085138,1.00689577555193,0.403218858765912,0.149359447384413,0.0270570824315909,0.0728360403857189,0.960546912482859,1.70816642020858,1.62426695944025,0.00766302551508707,0.552340577209713,0.229750923827344,1.51887365297838,0.0448956656168358,44.4087000645334,40.3554164089627,8.73410533875679,5.86349646140086,0.017049122533622,3.04483252154029,22.2273675286849,26.7409277825647,34.6982355416951,0.00373844089479351,23.7048351488557,4.51795541352252,74.8792317952488,2.67352932788387,1.00354987508446,1.02652978378042,0.412506302192765,0.172713375581293,0.0332040498813121,0.0764733181489623,0.939326070652722,1.45499187674696,1.26743546759918,0.0166650779612911,0.6310156948601,0.282343794223134,1.02016276892164,0.0500619188164477,7.08817861180092,8.06618592314411,1.99096401633108,1.04306117878504,0.0138031329159939,0.487800132235015,4.03108963320977,4.07214191654167,6.39428427209113,0.00969750692125282,2.25691318771376,0.731985731040105,17.2865041936585,0.175142512560187,18.5364085732629,14.0579613177377,6.46041086521633,2.45692090164321,0.175297181087285,1.23067107447551,10.8765870107204,16.8118395839142,19.0178689274164,0.0830442519243477,10.6350841359681,3.53231692184888,28.0358791577241,0.773135857394599,30.8940900538096,33.2275605932137,13.3062223392751,4.92886176368562,0.892883720242499,2.40358933272872,31.6980481119344,56.3694918668832,53.6008096615284,0.252879841997873,18.2272390479205,7.58178048630236,50.1228305482865,1.48155696535558,222.043500322667,201.777082044813,43.6705266937839,29.3174823070043,0.08524561266811,15.2241626077015,111.136837643424,133.704638912824,173.491177708476,0.0186922044739676,118.524175744279,22.5897770676126,374.396158976244,13.3676466394194,29.1029463774494,29.7693637296322,11.9626827635902,5.00868789185749,0.962917446558052,2.21772622631991,27.240456048929,42.1947644256618,36.7556285603764,0.483287260877441,18.2994551509429,8.18797003247088,29.5847202987275,1.45179564567698,49.6172502826064,56.4633014620088,13.9367481143176,7.30142825149529,0.0966219304119574,3.41460092564511,28.2176274324684,28.5049934157917,44.7599899046379,0.0678825484487697,15.7983923139963,5.12390011728073,121.00552935561,1.22599758792131,-0.163342877536809,3.55912783926018,2.42606680368061,1.62354167025991,0.585155307638589,0.0349590007378063,0.233850602664257,3.05620070639398,4.62486491856352,6.71688713012582,0.0155223414651923,2.4670315753407,1.0425494012716,5.24553170960172,0.186950637275232,1
1.65667217806836,1.59716662571795,0.706729234847857,0.190959700660544,0.0140466367305996,0.108902753550017,2.06797558661901,4.67391935242053,3.23727308239437,0.00260187517315463,1.02274472402872,0.359335686455291,1.9944334868438,0.0765328262157216,1.42106052687194,1.51488874021593,0.60227063582575,0.207487586600845,0.0148562043490272,0.0971554652394046,1.08934263514695,2.00222498718396,1.84353846219819,0.00584234995101549,0.852329112724818,0.342936123658126,1.53304308170869,0.0434129842582541,39.8364321350354,49.0881145118074,13.5596688369795,5.08662855991693,0.0187780230765826,2.17757724362143,25.0680504195208,65.4439577086549,36.1963915615809,0.00331761721583336,13.1643097204237,4.50672891498152,14.8601819990425,1.46321948195092,2.13274600721773,2.2439616286003,0.883366225727457,0.256178513250931,0.0206067922702032,0.176846206068848,1.81501706464088,2.86232050932377,2.96876347221851,0.012961963668908,1.09558620927664,0.572161303278024,2.33866564782262,0.0681663821568769,0.776544735143304,0.911386857475191,0.180557571647155,0.208977186595476,0.00783972988896026,0.0992937329006389,0.777931386783088,1.8145126716353,1.05737224332397,0.00196726776003492,0.502767499443736,0.12656558683538,1.81456791900407,0.0646304175697135,14.9100496026153,14.3744996314616,6.36056311363071,1.7186373059449,0.126419730575397,0.980124781950157,18.6117802795711,42.0652741717848,29.1354577415494,0.0234168765583917,9.20470251625847,3.23402117809762,17.9499013815942,0.688795435941494,46.8949973867741,49.9913284271258,19.8749309822497,6.8470903578279,0.490254743517898,3.20613035290035,35.9483069598493,66.0734245770706,60.8367692525403,0.192797548383511,28.126860719919,11.3168920807182,50.5904216963868,1.43262848052238,199.182160675177,245.440572559037,67.7983441848976,25.4331427995846,0.0938901153829129,10.8878862181071,125.340252097604,327.219788543274,180.981957807904,0.0165880860791668,65.8215486021186,22.5336445749076,74.3009099952125,7.31609740975462,61.8496342093143,65.0748872294088,25.6176205460963,7.42917688427699,0.597596975835892,5.12853997599659,52.6354948745856,83.0072947703894,86.0941406943367,0.375896946398332,31.7720000690225,16.5926777950627,67.8213037868559,1.97682508254943,5.43581314600313,6.37970800232634,1.26390300153009,1.46284030616833,0.0548781092227218,0.695056130304472,5.44551970748161,12.7015887014471,7.40160570326781,0.0137708743202445,3.51937249610615,0.885959107847657,12.7019754330285,0.452412922987994,-0.100400671644496,3.61833582013524,3.31225291860665,1.79696862533391,0.408701105755548,0.0307115408568948,0.268879559383951,8.18210847863256,12.7590371993079,8.29714905497789,0.00808993336821734,2.23189561205439,0.679797445298719,2.93346553113745,0.196896165532739,1
0.802006066417339,0.773492336901153,0.289663765821003,0.104897290838725,0.0214973793748894,0.0541127545017976,0.958423133559414,2.53424019470332,1.92387753666239,0.0274764357308421,0.762912518313266,0.144894643466183,1.33604362666701,0.0585482431589852,1.62202990631963,1.69582079354858,0.629024426840737,0.254757359353163,0.018417749079434,0.119828604328837,1.24255790219979,1.94379636073651,2.89488636241487,0.0642286965921374,1.04405916479802,0.334010299561192,1.9783350169826,0.0658340804073309,6.56661328978208,8.59245994907409,2.28143235564584,3.10314298743887,0.0129998208117328,1.20841104977506,10.1570323089055,18.8246620245124,20.3169356009444,0.0483310003944192,6.55353930268021,1.02345409718491,11.0172654637838,0.375793416059278,1.97418038916117,2.01352941214178,0.793235478604648,0.31868447697384,0.0242409979189785,0.168544037726641,1.569618377492,2.56709990999754,3.78108927078436,0.0966296166028773,0.881246158663712,0.474503039686437,2.2164836601435,0.0928888423254212,1.76854079848139,2.42943342332941,0.382951784070093,0.258226322117936,0.00738724583211731,0.0794866591812037,1.1471892659926,1.19195609091422,1.54304166617569,0.0644170632973454,0.609912112208836,0.128895465353662,1.9205396704475,0.084010317484024,7.21805459775605,6.96143103211038,2.60697389238902,0.944075617548525,0.193476414374005,0.487014790516179,8.62580820203472,22.8081617523299,17.3148978299615,0.247287921577579,6.8662126648194,1.30405179119564,12.0243926400031,0.526934188430867,53.5269869085477,55.9620861871033,20.7578060857443,8.40699285865437,0.607785719621323,3.95434394285163,41.004410772593,64.1452799043048,95.5312499596906,2.11954698754053,34.4539524383347,11.0223398855193,65.2850555604257,2.17252465344192,32.8330664489104,42.9622997453705,11.4071617782292,15.5157149371943,0.0649991040586638,6.04205524887529,50.7851615445273,94.123310122562,101.584678004722,0.241655001972096,32.7676965134011,5.11727048592454,55.0863273189191,1.87896708029639,57.2512312856739,58.3923529521115,23.0038288795348,9.24184983224136,0.702988939650377,4.8877770940726,45.5189329472681,74.4458973899288,109.651588852746,2.80225888148344,25.5561386012476,13.7605881509067,64.2780261441616,2.69377642743722,12.3797855893697,17.0060339633059,2.68066248849065,1.80758425482555,0.0517107208248212,0.556406614268426,8.0303248619482,8.34369263639957,10.8012916632298,0.450919443081418,4.26938478546185,0.902268257475632,13.4437776931325,0.588072222388168,-0.110508804780187,1.82927885588827,2.03183870124849,0.721917619869349,0.357397762550271,0.0336834161978332,0.0997091369533125,2.05213141682879,4.88750794787815,3.46398178986532,0.0530167749090673,1.36076545176871,0.274969664300178,2.52737700017194,0.140577904465911,1
1.78473017718438,1.64584348218189,0.703111109423652,0.304290739164694,0.00683267923630596,0.0811776219477325,2.69590217315847,4.57963283620738,3.93295887533079,0.032470035429506,1.37466259588522,0.300924258327456,2.95192127040831,0.0587634746099884,1.69951208492883,1.7516600108673,0.649469479321016,0.262523060095224,0.0121481210648122,0.137154383039325,1.19601908073777,1.96362301211271,2.45154799444954,0.0533166935183448,0.869707500297439,0.319429936940744,1.65206904355221,0.0740972837902964,7.21987580231157,6.25429824099314,1.40845374419097,2.32634305934517,0.00768415573350915,0.538320936449048,2.4718353153907,5.00304306334893,7.1932807857102,0.0382592398746875,12.7138663538671,2.03848898420336,13.514153206768,1.24972126911752,2.18359355734866,2.37461749634099,0.939917268171954,0.347965896531502,0.0231800565100158,0.166334703024984,1.80772337504923,2.63377000699746,3.59872075884009,0.105005434062567,1.34351330249747,0.549292068855983,2.60636031851779,0.0746239876443702,1.78253790348958,1.76230203606907,0.535801165241237,0.251748993819696,0.0110250216164483,0.0293552602061766,0.435775648800681,0.927100353815487,1.05865400509822,0.0397565749394107,1.94361658749658,0.347061237127117,3.09467772150299,0.0739297686508496,16.0625715946594,14.812591339637,6.32799998481287,2.73861665248225,0.0614941131267536,0.730598597529593,24.2631195584263,41.2166955258664,35.3966298779771,0.292230318865554,12.371963362967,2.7083183249471,26.5672914336748,0.528871271489895,56.0838988026514,57.804780358621,21.4324928175935,8.6632609831424,0.400887995138801,4.52609464029773,39.4686296643465,64.7995593997193,80.9010838168347,1.75945088610538,28.7003475098155,10.5411879190446,54.518278437223,2.44521036507978,36.0993790115579,31.2714912049657,7.04226872095483,11.6317152967259,0.0384207786675458,2.69160468224524,12.3591765769535,25.0152153167446,35.966403928551,0.191296199373437,63.5693317693357,10.1924449210168,67.57076603384,6.24860634558758,63.3242131631112,68.8639073938887,27.2576007769867,10.0910109994136,0.672221638790457,4.82370638772455,52.4239778764276,76.3793302029262,104.362902006363,3.04515758781446,38.9618857724267,15.9294699968235,75.5844492370158,2.16409564168674,12.4777653244271,12.3361142524835,3.75060815668866,1.76224295673787,0.0771751513151378,0.205486821443236,3.05042954160477,6.48970247670841,7.41057803568757,0.278296024575875,13.6053161124761,2.42942865988982,21.6627440505209,0.517508380555947,-0.082495622616711,4.4735724791434,3.86860790689756,1.56525095884008,0.705070255022651,0.0141227576152917,0.134262134592405,7.06344796257586,11.0684886783611,7.9352674933984,0.0700005921863407,3.01845075665943,0.630395532138741,6.64057928800735,0.111442003425318,0
1.41309052287975,1.2588212904159,0.461966378988141,0.182402177215481,0.0141979259897862,0.0555086658919265,0.652605189917951,1.25557949032221,1.67476036307496,0.0256758813491474,0.692245294191347,0.251089785157749,1.39297838521622,0.0622539941225962,1.46892241834802,1.70964968349289,0.5833606779942,0.223290460268395,0.0198384294851171,0.144971092548355,1.40521262601545,2.30502080946963,2.60713375106102,0.0299792263922645,0.820758643915155,0.294919669684869,1.64733749906775,0.0587440505351729,11.7070721370396,13.3295993920135,1.46141382655348,3.42043066691639,0.021786266262864,0.388502877290352,1.92140448228231,5.34155322279395,4.20758352307181,0.0387761253329023,3.44196946908781,1.22475686344111,17.799558401458,0.507716439273383,2.46089719790963,2.94804340817103,1.0731254993548,0.395791071375406,0.0305043590430936,0.193086643891816,2.34336836177526,3.49292551221533,4.272575865466,0.0807300333130739,1.32295308919908,0.641383696556173,2.74480462221378,0.0962164846646881,1.92014589162855,1.58690979851311,0.39752754351242,0.223573230960655,0.0105498666726844,0.0901892823550805,0.471186792420423,0.797417397944136,0.952760124249392,0.0251676779318859,0.583500585941208,0.187752792838531,1.91392527123538,0.0859710117713929,12.7178147059178,11.3293916137431,4.15769741089327,1.64161959493933,0.127781333908076,0.499577993027339,5.87344670926156,11.3002154128999,15.0728432676747,0.231082932142327,6.23020764772212,2.25980806641974,12.536805466946,0.560285947103365,48.4744398054846,56.4184395552654,19.2509023738086,7.36858518885704,0.654668173008864,4.78404605409571,46.37201665851,76.0656867124979,86.0354137850138,0.989314470944727,27.0850352492001,9.73234909960068,54.3621374692358,1.9385536676607,58.5353606851981,66.6479969600676,7.30706913276739,17.102153334582,0.10893133131432,1.94251438645176,9.60702241141153,26.7077661139697,21.0379176153591,0.193880626664511,17.2098473454391,6.12378431720554,88.99779200729,2.53858219636692,71.3660187393793,85.4932588369597,31.1206394812892,11.4779410698868,0.884626412249715,5.59951267286266,67.9576824914826,101.294839854245,123.904700098514,2.34117096607914,38.3656395867733,18.600127200129,79.5993340441997,2.79027805527595,13.4410212413999,11.1083685895918,2.78269280458694,1.56501261672459,0.0738490667087906,0.631324976485564,3.29830754694296,5.58192178560895,6.66932086974575,0.176173745523201,4.08450410158846,1.31426954986972,13.3974768986476,0.60179708239975,-0.0643869757753794,2.06498153496032,1.98682894958252,0.684899569210526,0.275221453040294,0.0351926180286484,0.100594358287959,0.985143161425132,1.89722409917037,2.90061398838761,0.08343543549741,1.42265039125231,0.472309748670651,2.23471601132931,0.125713663912784,0
1.26724865313945,1.23815639268553,0.500841196756692,0.198926487877059,0.00902633397408272,0.0610191030295516,1.05414702803181,1.20655065956063,1.17459115502372,0.0211284048032785,1.19067055391887,0.234282550899019,1.2930955652369,0.0483752024869144,1.36584994199731,1.5557374757514,0.58297500062569,0.228286059407437,0.0153572222600091,0.0976673295068833,1.05037827703135,1.7364307265781,2.19904922860472,0.042588674320227,0.824934741883762,0.291320484346225,1.53948865670139,0.0706911107950426,4.60910131314162,4.83995447087168,0.801310427442835,1.18376914882165,0.0139791153600674,0.452042492226796,2.93184948416913,2.58402370149098,1.89228457577108,0.0223586171460422,1.24616361897402,1.4984877662938,5.291367747397,0.732098590813599,2.03158615620597,2.43293878208144,0.906118998926931,0.366511817550447,0.0298062344546508,0.184169885169667,1.98887637158499,3.32496021090162,3.774944710516,0.0651463838137539,1.2607116465992,0.480666511779385,2.32663705712028,0.0864913792534497,1.45766704458647,1.15469202656153,0.515784306961461,0.137101320681,0.0146876626785153,0.0332077178277668,0.762259156341893,0.664649594163292,0.812654276863461,0.0212325347246221,0.944593921830338,0.313376930234126,0.972466898135423,0.0724245756178336,11.4052378782551,11.1434075341698,4.50757077081023,1.79033839089353,0.0812370057667445,0.549171927265964,9.48732325228631,10.8589559360456,10.5713203952135,0.190155643229507,10.7160349852698,2.10854295809117,11.6378600871321,0.435376822382229,45.0730480859112,51.339336699796,19.2381750206478,7.53343996044544,0.5067883345803,3.22302187372715,34.6624831420345,57.3022139770774,72.5686245439557,1.40542625256749,27.2228464821642,9.61357598342544,50.8031256711459,2.33280665623641,23.0455065657081,24.1997723543584,4.00655213721418,5.91884574410825,0.0698955768003368,2.26021246113398,14.6592474208456,12.9201185074549,9.4614228788554,0.111793085730211,6.23081809487012,7.49243883146899,26.456838736985,3.660492954068,58.9159985299733,70.5552246803616,26.277450968881,10.628842708963,0.864380799184874,5.34092666992033,57.6774147759648,96.423846116147,109.473396604964,1.88924513059886,36.5606377513768,13.9393288416022,67.4724746564882,2.50824999835004,10.2036693121053,8.08284418593068,3.61049014873023,0.959709244767003,0.102813638749607,0.232454024794368,5.33581409439325,4.65254715914305,5.68857993804423,0.148627743072354,6.61215745281236,2.19363851163888,6.80726828694796,0.506972029324835,-0.0752990855680614,1.90904548153576,2.27839607869271,1.01617961647901,0.475579083715055,0.015829567564439,0.13812548862339,5.15687059808748,6.42832215564314,3.98221801898482,0.0493705942109255,2.34236876393897,0.479177904706836,1.89243813293371,0.0947067608417947,0
0.737733069644866,0.489200437118516,0.335093129066292,0.17692613473709,0.00882050194757921,0.0658380369983442,0.89368211418735,2.34466618844189,2.44016595306871,0.0181977581250152,0.951414241426841,0.169419085556925,1.45412292225921,0.0413529529717649,1.42416093102532,1.54457907595158,0.591588675197164,0.270950074472765,0.0190360619131285,0.125015289081014,1.20378332032603,1.94081511538978,2.20710413908526,0.02949760821459,0.745717934567009,0.311576928626275,1.56847854031574,0.0566581480474706,13.3964224861825,16.163169020215,3.71352814366753,7.80114607454995,0.0223927003482847,1.06581640962289,4.24518731537695,9.79475635096138,12.6927976184365,0.0259690790657036,3.37387938125829,1.42323233059765,22.3229375538062,0.766483995017466,1.65884788909164,1.97968045303115,0.699634287849338,0.309845264941789,0.0290733375261072,0.170143963172612,1.66150543662007,2.50949108780145,2.75502212039078,0.0556700269982683,0.811674311990618,0.426704554565586,1.80376215170366,0.0661679542604229,2.25535935179529,1.9198156439579,0.376180713262398,0.557444159881761,0.0109046662416984,0.109917753281356,0.867783959184307,1.35559294434672,1.82604725404718,0.023313982683406,0.449934534577078,0.226060363116171,2.6590767882811,0.0717494768681467,6.63959762680379,4.40280393406664,3.01583816159663,1.59233521263381,0.0793845175282129,0.592542332985098,8.04313902768615,21.101995695977,21.9614935776184,0.163779823125137,8.56272817284157,1.52477177001233,13.0871063003328,0.372176576745884,46.9973107238356,50.9711095064022,19.5224262815064,8.94135245760124,0.62819004313324,4.12550453967346,39.724849570759,64.0468988078628,72.8344365898135,0.97342107108147,24.6086918407113,10.2820386446671,51.7597918304193,1.86971888556653,66.9821124309125,80.815845101075,18.5676407183377,39.0057303727498,0.111963501741424,5.32908204811443,21.2259365768848,48.9737817548069,63.4639880921827,0.129845395328518,16.8693969062914,7.11616165298827,111.614687769031,3.83241997508733,48.1065887836575,57.4107331379034,20.2893943476308,8.98551268331189,0.843126788257109,4.93417493200574,48.1836576619821,72.775241546242,79.8956414913326,1.61443078294978,23.5385550477279,12.374432082402,52.309102399406,1.91887067355226,15.787515462567,13.4387095077053,2.63326499283679,3.90210911917233,0.0763326636918886,0.769424272969491,6.07448771429015,9.48915061042704,12.7823307783302,0.163197878783842,3.14954174203954,1.5824225418132,18.6135375179677,0.502246338077027,0.0571277277470179,1.81285231528741,0.93573991003567,0.644146508085588,0.337736448362451,0.0167444008252341,0.112437930457684,1.75294135818652,3.49048111962635,3.52453996288158,0.0527659544675138,1.79958312832608,0.304681277754929,4.00591708993921,0.0921268150437868,0
1.39940560084459,1.40740534970524,0.529713337896334,0.187949371070083,0.0106400970005421,0.0728423396006283,1.14999421277503,2.36624501959964,3.06435974062657,0.0187029343902485,1.09692016610813,0.313499045226341,2.43650787847827,0.0517327769734734,1.72270869783648,1.93330818534835,0.660268427539044,0.283889335211055,0.0129723839102706,0.124166794728348,1.42314481906217,2.27308907582786,2.73129920110205,0.027927718736727,1.10935503405111,0.401893754985197,2.14849341073247,0.0895725148496102,21.8421515185526,32.2999073342169,5.34276823046137,4.80715098065371,0.0130311775424329,0.550144317137912,6.08611321510951,9.76569281168436,10.7397729717821,0.0466904313147603,9.9765930179604,1.46585463395968,26.5889471462179,1.417065278942,2.04421456651908,2.18549638362331,0.919939587150961,0.310979133386316,0.0272212786192539,0.193432007762329,2.0251139812328,3.50588621412962,3.57442397666071,0.0518995052344854,1.25246655531058,0.52919784828795,2.16931546102843,0.100858527711416,3.31403965354268,3.72952396880669,0.573259880492272,0.307219951495584,0.0140343045785812,0.0668831870375411,0.605762562879654,1.37765816005405,1.38539664767873,0.0306209362855298,1.33005753459557,0.218942783518827,3.40647998344029,0.117538828781074,12.5946504076013,12.6666481473471,4.76742004106701,1.69154433963075,0.0957608730048791,0.655581056405655,10.3499479149752,21.2962051763968,27.5792376656392,0.168326409512236,9.87228149497316,2.82149140703707,21.9285709063044,0.465594992761261,56.8493870286037,63.7991701164956,21.7888581087885,9.36834806196481,0.428088669038931,4.0975042260355,46.9637790290515,75.0119395023195,90.1328736363675,0.921614718311991,36.6087161236867,13.2624939145115,70.9002825541716,2.95589299003714,109.210757592763,161.499536671085,26.7138411523069,24.0357549032685,0.0651558877121643,2.75072158568956,30.4305660755475,48.8284640584218,53.6988648589105,0.233452156573801,49.882965089802,7.32927316979841,132.94473573109,7.08532639471002,59.2822224290534,63.3793951250761,26.6782480273779,9.01839486820317,0.789417079958364,5.60952822510754,58.7283054557511,101.670700209759,103.658295323161,1.50508565180008,36.3215301040067,15.3467376003506,62.9101483698244,2.92489730363107,23.1982775747988,26.1066677816468,4.01281916344591,2.15053966046909,0.0982401320500685,0.468182309262788,4.24033794015758,9.64360712037837,9.69777653375113,0.214346553998709,9.31040274216901,1.53259948463179,23.845359884082,0.822771801467519,-0.0227580895899962,3.31866957001499,3.10644285763182,1.37050090753009,0.483257047082823,0.0188230667107095,0.274395398134323,2.74739648148378,5.71740477002705,9.21434476916082,0.0307767130615933,2.68087127813787,0.663629329931702,5.42329536108698,0.12702793050221,0
1.12461221002358,0.878545427246263,0.445036516397573,0.137290369407678,0.0125783986534916,0.0705093481990012,1.12969358806337,1.86012845665492,1.87914848654357,0.0214587752502743,0.873474834358088,0.223972794728291,1.43164968410214,0.0439613471632506,1.40529027421121,1.41347740685587,0.531939248076786,0.207353833230461,0.0153952653844758,0.136305309634574,1.05986382143515,1.91025365389097,2.00949948853152,0.0299189878453178,0.693814718655299,0.295577616315361,1.44537528895496,0.0504147868518563,10.9990737670293,12.3524305597869,1.4890468833234,2.73299180620951,0.0287781783755367,0.647508917624805,1.88445694833259,14.5148577425025,6.52962422127354,0.030616839225844,8.614915631981,3.22273985487405,14.9639480296782,1.17167827810074,1.73836473763599,1.80910969062877,0.749211773177573,0.252569788837168,0.0313122713137698,0.128699156856677,1.60678025428398,2.82595226905991,2.94147531803696,0.0531324186503556,0.983489672161047,0.373032285166912,1.88518319355628,0.0832029454341745,2.29008838694419,1.85064125351718,0.50735039429726,0.319722777875708,0.011474718531575,0.168242224439544,0.931556833777031,3.96560760109329,1.75177831260873,0.0222590116641735,0.903436564518069,0.205793915986336,3.2048688409476,0.125876897894913,10.1215098902122,7.90690884521636,4.00532864757816,1.2356133246691,0.113205587881425,0.634584133791011,10.1672422925704,16.7411561098943,16.9123363788921,0.193128977252468,7.86127350922279,2.01575515255462,12.8848471569193,0.395652124469255,46.3745790489698,46.6447544262437,17.5539951865339,6.84267649660521,0.5080437576877,4.49807521794094,34.9755061073599,63.038370578402,66.3134831215403,0.987326598895489,22.8958857156249,9.75406133840693,47.6973845355136,1.66368796611126,54.9953688351464,61.7621527989344,7.44523441661702,13.6649590310476,0.143890891877683,3.23754458812402,9.42228474166295,72.5742887125125,32.6481211063677,0.15308419612922,43.074578159905,16.1136992743702,74.8197401483911,5.85839139050369,50.4125773914438,52.4641810282344,21.7271414221496,7.32452387627788,0.908055868099325,3.73227554884363,46.5966273742356,81.9526158027373,85.3027842230717,1.54084014086031,28.5212004926704,10.8179362698405,54.670312613132,2.41288541759106,16.0306187086093,12.9544887746203,3.55145276008082,2.23805944512995,0.0803230297210247,1.17769557107681,6.52089783643922,27.759253207653,12.2624481882611,0.155813081649214,6.32405595162648,1.44055741190436,22.4340818866332,0.88113828526439,-0.146505647987741,2.44678041165816,1.4388242566486,0.98211558070828,0.273226569629524,0.0289827313830264,0.107066720634186,2.56534302230466,5.2430682631382,5.1845642278582,0.0523876050991769,1.56476641769852,0.423949433815779,3.52546547428681,0.0918674614556637,0
0.768267604524596,0.766010817638357,0.291591120649947,0.103879177370079,0.0157942471440309,0.0933667189999968,1.31224071129953,3.19910439713989,2.20048814613653,0.0190845470786893,0.661294590229156,0.209826644038941,1.3608310126937,0.0302030119182552,1.48398577825683,1.62354038252341,0.566607785407753,0.226867000785792,0.0177591065893117,0.103413122315174,1.2778347007993,2.1273145567988,2.55312516357292,0.0237219019486725,0.793387532964957,0.317681131730997,1.94415055141407,0.0690744697242154,29.8260816817807,34.5775908104135,4.4613683001488,11.6674440363681,0.0159508329882129,0.931374799425296,13.5327110899234,14.8773514409804,16.2988912475687,0.0520725082396542,7.11565072140618,2.31463435418087,29.414725662592,1.55389874532915,1.32646026067131,1.51829900782004,0.544171503257559,0.198200732284843,0.0320919043067341,0.154078817332864,1.16986740798585,2.10197605169108,2.30611512418221,0.0455286549786128,0.685527837638889,0.329020630795962,1.47997956333588,0.0731012160985532,2.16399676072392,2.1154245354953,0.36658012674062,0.299207999871376,0.0117351038267363,0.109305854440496,0.797401926842528,1.33882362403443,1.42020412133593,0.0146287095409416,1.36963569752238,0.24585963346722,4.91089629070941,0.147727081573832,6.91440844072136,6.89409735874522,2.62432008584952,0.934912596330715,0.142148224296278,0.840300470999971,11.8101664016958,28.791939574259,19.8043933152288,0.171760923708203,5.9516513120624,1.88843979635047,12.2474791142433,0.271827107264297,48.9715306824755,53.5768326232725,18.6980569184558,7.48661102593113,0.586050517447286,3.41263303640073,42.1685451263769,70.2013803743605,84.2531303979063,0.782822764306193,26.1817885878436,10.4834773471229,64.1569681966642,2.27945750089911,149.130408408903,172.887954052067,22.306841500744,58.3372201818407,0.0797541649410644,4.65687399712648,67.6635554496169,74.3867572049022,81.4944562378435,0.260362541198271,35.5782536070309,11.5731717709043,147.07362831296,7.76949372664575,38.4673475594679,44.0306712267811,15.7809735944692,5.74782123626046,0.93066522489529,4.46828570265306,33.9261548315897,60.9573054990413,66.877338601284,1.32033099437977,19.8803072915278,9.5415982930829,42.9194073367405,2.11993526685804,15.1479773250674,14.8079717484671,2.56606088718434,2.09445599909963,0.0821457267871543,0.765140981083473,5.58181348789769,9.37176536824098,9.94142884935154,0.102400966786591,9.58744988265667,1.72101743427054,34.3762740349658,1.03408957101683,0.0205174604358067,1.97866549917673,1.74479686412665,0.611439518222094,0.202523610819894,0.0249487828771848,0.177921612483371,3.54268077054238,8.32331206323992,5.99339809508309,0.0472929644582984,1.06342748610853,0.402509700307312,2.8285103838516,0.0692945217965827,0
1.27135392494943,0.868382261709033,0.394569975525158,0.163066198855778,0.0131158571133646,0.117635204618214,1.49735030297578,3.39768923955128,1.11495045424642,0.0204805001884141,0.938153670337018,0.312461110018907,1.79263553201447,0.0575867756068944,1.45546263034821,1.4925961745296,0.5814985824117,0.178898817491371,0.0169051098155852,0.0906428729817127,0.91830775235411,1.71219452352563,2.01040996467179,0.0228965206052146,0.812633630243695,0.305825373037864,1.71627526214743,0.0590110267451836,4.00767172123956,5.17873232652001,2.19221346472063,3.28082222288474,0.0170022500343112,1.11853026057406,2.91866874962263,14.6431140949954,5.6102995743179,0.0146371820077756,6.90236125505013,0.982953711951538,4.38369008656332,0.618280567549685,1.34826398425382,1.54823908686602,0.530681296623776,0.245033407409789,0.0455583548506033,0.141173365490787,1.35106822221898,2.25256928944747,2.22457783356204,0.0393467469758044,0.752222292932581,0.325135425738716,1.45758133155562,0.110018441316442,0.808394092901414,0.79894415511032,0.195115456251274,0.0731071951053202,0.0105299122228605,0.104111927251955,0.405515639652917,1.30038956092826,0.655349576864139,0.00551710052709826,0.702391109602162,0.0967911343948686,1.13675528572785,0.054110453728911,11.4421853245449,7.8154403553813,3.55112977972642,1.467595789702,0.118042714020281,1.05871684156393,13.476152726782,30.5792031559615,10.0345540882178,0.184324501695727,8.44338303303316,2.81214999017017,16.1337197881303,0.51828098046205,48.030266801491,49.2556737594767,19.1894532195861,5.90366097721524,0.55786862391431,2.99121480839652,30.3041558276856,56.5024192763458,66.343528834169,0.755585179972081,26.8169097980419,10.0922373102495,56.6370836508653,1.94736388259106,20.0383586061978,25.8936616326001,10.9610673236032,16.4041111144237,0.0850112501715561,5.5926513028703,14.5933437481132,73.215570474977,28.0514978715895,0.0731859100388782,34.5118062752507,4.91476855975769,21.9184504328166,3.09140283774843,39.0996555433608,44.8989335191146,15.3897576020895,7.10596881488389,1.3211922906675,4.09402759923282,39.1809784443505,65.3245093939766,64.5127571732991,1.14105566229833,21.8144464950448,9.42892734642275,42.2698586151129,3.19053479817681,5.6587586503099,5.59260908577224,1.36580819375892,0.511750365737242,0.0737093855600237,0.728783490763688,2.83860947757042,9.10272692649782,4.58744703804897,0.0386197036896878,4.91673776721513,0.67753794076408,7.95728700009493,0.378773176102377,-0.0652803776685697,4.26003758000197,3.10705853990522,1.47985003045254,0.426817497430021,0.0433978476436185,0.283667908092954,6.63193033868106,12.8259802973251,2.8324361545196,0.0354753833228915,1.90316030529126,0.821659053713666,4.38522493882454,0.168819525760064,0
1.07690250718366,1.13762960312912,0.267742244376015,0.109081704710462,0.0103046239231528,0.042789196898985,0.923972484143145,2.39041516238442,1.23661971078016,0.00897091416342473,0.72495811015723,0.114501230219716,1.02229633421827,0.0519808864852714,1.18064141171317,1.31634868643183,0.429006826378078,0.158033785709567,0.0226152078734134,0.091404005947699,0.98441361310589,1.54259045715482,1.55530214338564,0.0156703980622932,0.596996373218994,0.235457610782499,1.25855693214279,0.0399899071678436,49.4679218720643,67.0373403489228,9.57798782364583,3.15891461450193,0.0208026241334727,1.21669118990843,14.0289332466743,28.2933363980373,24.4371199991623,0.0108973943807595,11.442902586525,4.79001613671132,41.0368324104582,2.53840024705257,2.43621115930622,2.22079714143595,1.04920576409355,0.336043483670706,0.039933389324798,0.144895217922255,1.82298961431597,2.86306336763438,3.33055237032782,0.0203077118181588,1.23320619898192,0.631786906787195,2.38715152710514,0.0780007836928562,3.51988136683773,3.98532062321248,0.877220524044638,0.478248873302989,0.0120872752109566,0.131210685528656,1.72317742595912,3.11894667831244,3.32984216995065,0.0145238116596488,1.29523676718937,0.378696072899111,3.78784715935779,0.181256616419699,9.69212256465298,10.238666428162,2.40968019938413,0.981735342394159,0.0927416153083753,0.385102772090865,8.31575235728831,21.5137364614598,11.1295773970214,0.0807382274708225,6.52462299141507,1.03051107197744,9.20066700796443,0.467827978367442,38.9611665865345,43.4395066522504,14.1572252704766,5.21511492841572,0.746301859822642,3.01633219627407,32.4856492324944,50.905485086109,51.3249707317263,0.517123136055675,19.7008803162268,7.77010115582247,41.532378760712,1.31966693653884,247.339609360322,335.186701744614,47.8899391182292,15.7945730725097,0.104013120667364,6.08345594954214,70.1446662333716,141.466681990186,122.185599995811,0.0544869719037974,57.2145129326251,23.9500806835566,205.184162052291,12.6920012352628,70.6501236198802,64.4031171016426,30.4269671587128,9.74526102645048,1.15806829041914,4.20196131974539,52.8666988151632,83.028837661397,96.5860187395068,0.588923642726605,35.7629797704757,18.3218202968286,69.2273942860491,2.26202272709283,24.6391695678641,27.8972443624873,6.14054366831247,3.34774211312092,0.0846109264766964,0.918474798700594,12.0622419817139,21.8326267481871,23.3088951896545,0.101666681617541,9.06665737032557,2.65087251029377,26.5149301155045,1.26879631493789,-0.0565364844418747,1.99068718505679,2.57034636237144,0.496965397928513,0.299900036794718,0.0295589712821239,0.104403242852892,1.44318269779375,5.15275992437782,2.06616785257072,0.0226321805998782,1.49485118616684,0.244629969325162,1.70588522425875,0.0962180980024522,0
4.13301223311611,3.56667051671137,1.38177735714819,0.378164849977632,0.0273846708392884,0.128202375196142,1.44908920839865,1.81326293894205,2.6712572478094,0.0131819723830607,1.63494325446483,0.680250608692025,5.34643957196297,0.130754789766707,1.80069383108604,1.87849488050161,0.665254972004146,0.252134822946687,0.0268871657248378,0.113497242596559,1.24300594550407,1.70791343070707,2.35561246002583,0.0228694179151955,1.07537280508251,0.364187003580375,3.64446818967672,0.072592319588814,25.109045700406,29.0486689089865,6.48563800005304,3.4694979920464,0.0209978376882212,1.85778508585669,14.7781933645691,28.6755804681417,25.2511624941815,0.0237599557560419,14.5770155573173,4.01001113319627,59.541272755218,1.08093546043638,1.55250846419566,1.58832805022992,0.703719899610141,0.253586991490757,0.0387071882943158,0.157401794887043,1.68916917323883,2.69470250618735,2.69796649057501,0.0469654831537809,0.911993940491406,0.392971516347906,2.20247085090103,0.0637729020827432,2.65453244997286,3.47434442476048,0.569539264618383,0.428304525355098,0.0215424888684546,0.11370107065992,1.34539946626545,2.64915759305107,1.88293160655469,0.012000923222915,1.42218451398682,0.31660457601646,20.3916186925591,0.127628023213993,37.197110098045,32.1000346504023,12.4359962143337,3.40348364979869,0.246462037553596,1.15382137676528,13.0418028755878,16.3193664504784,24.0413152302846,0.118637751447546,14.7144892901834,6.12225547822822,48.1179561476668,1.17679310790037,59.4228964258393,61.9903310565531,21.9534140761368,8.32044915724067,0.887276468919646,3.74540900568646,41.0191962016342,56.3611432133334,77.7352111808524,0.754690791201453,35.4873025677227,12.0181711181524,120.267450259332,2.39554654643086,125.54522850203,145.243344544932,32.4281900002652,17.347489960232,0.104989188441106,9.28892542928346,73.8909668228457,143.377902340708,126.255812470908,0.118799778780209,72.8850777865866,20.0500556659814,297.70636377609,5.40467730218191,45.0227454616741,46.0615134566675,20.4078770886941,7.35402275323196,1.12250846053516,4.56465205172424,48.985906023926,78.146372679433,78.2410282266752,1.36199901145965,26.4478242742508,11.3961739740893,63.8716546761298,1.84941416039955,18.58172714981,24.3204109733234,3.98677485232868,2.99813167748569,0.150797422079182,0.795907494619437,9.41779626385817,18.5441031513575,13.1805212458828,0.0840064625604048,9.95529159790772,2.21623203211522,142.741330847914,0.893396162497949,-0.253167147470117,6.42384400355524,5.83839032497509,2.36904038379831,0.64120218713767,0.0428555345063115,0.355726698481628,3.45370830013394,3.94900145615663,7.10719922365857,0.0271362839456038,3.05497911211901,1.28580301794251,7.68395612493071,0.224550424499295,0
2.6692762260929,1.96507410306228,0.551343395020331,0.28057047777147,0.021685468275622,0.102161751441714,3.0691304588784,8.50826464526176,3.80231408579417,0.00477117276491424,0.741268373179558,0.446732561461268,2.83173569990917,0.0928111553811201,0.800044168257284,0.96840588633749,0.32714160472963,0.157350746112293,0.0131781630114009,0.0722730524352025,0.675992055802025,1.14638465567381,1.25003164039155,0.00972873801008766,0.555177164934684,0.185240394627795,1.03354325203953,0.0416594523638562,29.7833527204321,35.312627408259,5.82557168735443,2.07135045503455,0.0180955563189867,0.761112100081358,10.1589581690419,14.7896565806695,12.9939764406975,0.0146944651021208,8.85364343562252,2.75019549909372,33.0020678022035,0.855248379145931,1.0578956961787,1.13599154130662,0.449698692590473,0.192314661239653,0.0291755523580865,0.103606060031035,0.929159808079465,1.67451682021166,1.59322897398427,0.0238963573334523,0.547927777247908,0.280386238182419,1.14355005842009,0.0449539541206777,1.05261370969549,1.22163396231593,0.227240074034271,0.165002346579786,0.0184341742278546,0.0812233386760141,0.459591827190371,0.632754304439504,0.777635494987656,0.00739817361248776,0.542039585372996,0.126171243844707,1.26853443353909,0.0766119769843947,24.0234860348361,17.6856669275606,4.96209055518298,2.52513429994323,0.195169214480598,0.919455762975424,27.6221741299056,76.5743818073559,34.2208267721475,0.0429405548842282,6.67141535861602,4.02059305315141,25.4856212991826,0.835300398430081,26.4014575524904,31.9573942491372,10.7956729560778,5.19257462170566,0.434879379376231,2.38501073036168,22.3077378414668,37.8306936372356,41.2510441329212,0.321048354332893,18.3208464428446,6.11293302271723,34.1069273173044,1.37476192800725,148.916763602161,176.563137041295,29.1278584367722,10.3567522751727,0.0904777815949334,3.80556050040679,50.7947908452095,73.9482829033473,64.9698822034876,0.073472325510604,44.2682171781126,13.7509774954686,165.010339011017,4.27624189572966,30.6789751891824,32.9437546978919,13.0412620851237,5.57712517594994,0.846091018384509,3.00457574090002,26.9456344343045,48.5609877861382,46.2036402455439,0.692994362670116,15.8899055401893,8.13120090729015,33.1629516941826,1.30366466949965,7.36829596786844,8.55143773621154,1.5906805182399,1.15501642605851,0.129039219594982,0.568563370732099,3.2171427903326,4.42928013107653,5.44344846491359,0.0517872152874143,3.79427709761097,0.883198706912947,8.8797410347736,0.536283838890763,-0.104390622687406,7.63356075699055,6.07699562176072,1.34303772269787,0.767894262369526,0.0417384504060195,0.261779867149997,8.75609613344108,35.7967662936201,16.5151269525854,0.0097369958931919,1.22223067431154,0.847563523416182,6.5894567994434,0.147397700643702,0
1.32986714921356,0.92073590451774,0.435880425405374,0.131459828648693,0.0151209337924203,0.0630999002777422,0.769234283395597,1.83865508090525,1.61697432195195,0.0033613589218117,0.680153991945785,0.185761416449494,1.15712657506202,0.079174817219613,1.02528660340041,1.11164486734187,0.401207789190078,0.159713783914567,0.0234430011979762,0.0780819127557639,0.92484669507769,1.31979776404908,1.46505889228315,0.0116957782838055,0.712546090987338,0.230456474193361,1.3414009326547,0.0489709491279844,28.8076750178996,37.4528914342687,5.39622058804798,4.15183796371903,0.0631574688288744,1.56833933048092,13.1477142637441,25.5449456518032,17.0376307573403,0.00907533354263815,9.61778435355749,2.9389789040053,31.2833388130985,1.15750901952084,1.16675242282704,1.39909866147747,0.586782596609626,0.215998489054623,0.0290949431383484,0.117694705730981,1.34360223014181,2.07150339356769,2.04819869471755,0.0187310637085004,0.717390172056277,0.346410616320989,1.21860410854594,0.0461710507780831,4.26892296226229,4.5652704322256,0.541102380404136,0.494616064505557,0.0204909728094679,0.0931627650032705,1.17068055770359,1.61862217198409,2.12660862652191,0.00868718142605991,1.18503979435546,0.187574738580687,4.13729017109854,0.120003291919838,11.968804342922,8.28662314065966,3.92292382864837,1.18313845783824,0.136088404131783,0.56789910249968,6.92310855056038,16.5478957281473,14.5527688975676,0.0302522302963053,6.12138592751206,1.67185274804545,10.4141391755582,0.712573354976517,33.8344579122136,36.6842806222818,13.2398570432726,5.2705548691807,0.773619039533215,2.57670312094021,30.5199409375638,43.5533262136197,48.3469434453439,0.38596068336558,23.5140210025822,7.6050636483809,44.2662307776051,1.61604132122348,144.038375089498,187.264457171343,26.9811029402399,20.7591898185951,0.315787344144372,7.84169665240461,65.7385713187204,127.724728259016,85.1881537867016,0.0453766677131908,48.0889217677874,14.6948945200265,156.416694065492,5.7875450976042,33.8358202619843,40.5738611828467,17.0166953016791,6.26395618258405,0.843753351012104,3.41314646619844,38.9644646741125,60.0735984134629,59.397762146809,0.54320084754651,20.804314989632,10.0459078733087,35.3395191478323,1.33896047256441,29.882460735836,31.9568930255792,3.78771666282895,3.4623124515389,0.143436809666275,0.652139355022893,8.19476390392515,11.3303552038887,14.8862603856534,0.0608102699824194,8.29527856048824,1.31302317006481,28.9610311976898,0.840023043438867,-0.0541539543010119,2.47452774776168,2.34588597322781,0.805095034647119,0.279216173668997,0.0306977953706025,0.138255504022472,1.47916666315204,3.49227921025731,2.68753872571253,0.0095760132548562,1.38918013266166,0.413754845739693,2.42650252392794,0.24601388206647,0
1.51413186301343,1.81388632645829,0.606687910583466,0.229259531859633,0.0114660587970058,0.157658711933439,1.21619878549353,2.70047281954942,2.01244393124055,0.010062552424661,0.893591326526069,0.231916610238415,1.65260141150015,0.0479420301748139,1.42734160276504,1.39348661885051,0.536522490998034,0.225865431104066,0.0180978084878898,0.115348549697014,0.914307656448474,2.0103547409111,1.83817925997594,0.00972735472608944,0.751355687144115,0.321139110829175,1.48543797476193,0.0556966329563197,45.7589313397123,53.0817834702258,11.4174678317021,11.1753924328593,0.0235366652588556,2.03250880194897,33.803146221619,67.9279896066673,41.126459597272,0.014994444594753,17.1543284920372,4.86988613204286,59.9427873898984,1.38397116079625,1.59004128756143,1.7430041772996,0.685955583637241,0.213754440053083,0.0391034510637058,0.168522603946522,1.63970846003582,2.61012097243619,2.27808854364687,0.0245483994298205,0.843458809446548,0.381858038053097,1.74925699237744,0.059596130235801,5.40966671108816,6.45282203353882,1.73606315580877,1.69823695382353,0.00609120816692635,0.490825896609333,4.345676066387,10.2998193449939,6.36791498413049,0.00784924443867919,2.4486492797947,0.740475805689782,5.05662969139919,0.143371924739061,13.6271867671208,16.3249769381246,5.46019119525119,2.06333578673669,0.103194529173052,1.41892840740095,10.9457890694418,24.3042553759448,18.111995381165,0.0905629718219488,8.04232193873462,2.08724949214574,14.8734127035014,0.431478271573325,47.1022728912465,45.9850584220667,17.7052422029351,7.45355922643418,0.597227680100362,3.80650214000145,30.1721526627996,66.3417064500664,60.6599155792062,0.321002705960952,24.7947376757558,10.5975906573628,49.0194531671436,1.83798888755855,228.794656698561,265.408917351129,57.0873391585106,55.8769621642967,0.117683326294278,10.1625440097448,169.015731108095,339.639948033336,205.63229798636,0.0749722229737651,85.7716424601862,24.3494306602143,299.713936949492,6.91985580398124,46.1111973392813,50.5471211416885,19.89271192548,6.1988787615394,1.13400008084747,4.88715551444914,47.5515453410388,75.6935082006496,66.0645677657591,0.711903583464794,24.4603054739499,11.0738831035398,50.7284527789459,1.72828777683823,37.8676669776171,45.1697542347717,12.1524420906614,11.8876586767647,0.0426384571684844,3.43578127626533,30.419732464709,72.0987354149576,44.5754048889135,0.0549447110707544,17.1405449585629,5.18333063982847,35.3964078397943,1.00360347317343,-0.0876308475999914,2.92333598993586,3.86102834360739,0.934052127829716,0.406667830949668,0.0239020771870331,0.27913625061242,3.85466073094216,4.57566051299527,5.52741226946894,0.0143636396849128,1.75389537156089,0.336624695692025,2.90983541632901,0.0817975491633169,0
1.24986193617024,0.971252489310384,0.464234333339387,0.169305837557724,0.0224691243991168,0.112181463494387,1.35620987292474,2.33210596985553,2.56008520217369,0.0480007684127184,0.807932732385245,0.160602980508756,1.32599066960707,0.0642983515537236,1.34177460766843,1.56951159770704,0.552850164074885,0.274166374535865,0.0156326076840687,0.113612707708169,1.11776738370179,1.98906202558136,2.82063102706904,0.0468565402996295,0.819630797747882,0.264110285878483,1.5615749843786,0.0514291682835819,7.90133144688214,10.1473336163623,1.90315046874093,6.7076094590891,0.00899578088569335,0.792891760960268,4.09877244258031,5.48454745883621,8.70713332560142,0.0506886137001894,2.48212414825672,2.2656898278245,10.4654229777659,0.808540756234235,1.79912247882534,1.98729300114296,0.742541697348582,0.299741803993565,0.0231194551243606,0.175796687370277,1.43057951310495,2.44496694822606,3.7542116601808,0.146831193155021,0.967362580509698,0.408463794054685,2.04086406976868,0.0844017848791017,1.75155281636674,1.81763177163236,0.298088627232792,0.286468985113045,0.0125832978532269,0.134839984349407,0.883031734779693,1.0758574096343,1.55755046299318,0.0575729926345226,0.924580623727672,0.272104924731731,1.88923733456609,0.0664745739083123,11.2487574255322,8.74127240379345,4.17810900005448,1.52375253801952,0.202222119592051,1.00963317144948,12.2058888563227,20.9889537286998,23.0407668195632,0.432006915714465,7.2713945914672,1.4454268245788,11.9339160264636,0.578685163983512,44.2785620530583,51.7938827243323,18.2440554144712,9.04749035968354,0.515876053574265,3.74921935436958,36.8863236621592,65.639046844185,93.0808238932785,1.54626582988777,27.0478163256801,8.71563943398994,51.5319744844939,1.6971625533582,39.5066572344107,50.7366680818113,9.51575234370465,33.5380472954455,0.0449789044284668,3.96445880480134,20.4938622129015,27.422737294181,43.5356666280071,0.253443068500947,12.4106207412836,11.3284491391225,52.3271148888297,4.04270378117118,52.1745518859349,57.6314970331459,21.5337092231089,8.69251231581339,0.670464198606457,5.09810393373803,41.4868058800434,70.9040414985559,108.872138145243,4.25810460149562,28.0535148347812,11.8454500275859,59.1850580232918,2.44765176149395,12.2608697145672,12.7234224014265,2.08662039062954,2.00528289579132,0.0880830849725882,0.943879890445849,6.18122214345785,7.5310018674401,10.9028532409523,0.403010948441658,6.47206436609371,1.90473447312212,13.2246613419626,0.465322017358186,-0.0145764647744829,2.55899615436499,1.61522893433007,0.87175602802269,0.233387622049211,0.0339552942089357,0.318690817747184,2.5541949958281,4.52731631788082,5.34402454711466,0.081740970279752,1.78151496115194,0.260213612567583,2.86589289381284,0.111856871338783,0
1.38613021384694,1.6816239403282,0.439248999241248,0.289371886595708,0.0112934708837768,0.131065902343254,1.48916982408725,3.23465639958111,2.33322673469093,0.00332168822638183,0.765833507439031,0.19301087992591,1.53899288041021,0.041124265642473,1.25943483179843,1.30627966310985,0.504039443968627,0.159965095511104,0.0124702383514364,0.0819861043960721,1.13210425307534,1.56009703775902,1.77994131416978,0.00840195042622252,0.83870209963519,0.309006703893654,1.58779713425684,0.0556579337461368,9.87022380802448,11.7114156034011,1.1507371391166,3.63234406727749,0.0192938989419792,0.553876814156518,2.42885180065566,4.53996048359841,3.65973842844767,0.0040892045066867,5.26801487872974,0.629859076675611,54.030034912918,0.730329126711323,2.246669549107,2.75951135249773,1.12746502740285,0.332115640457731,0.0313104797866117,0.136106045150061,2.02528338991513,3.25776021091738,3.63987960380638,0.0107035855352846,1.65731854323395,0.660599378556177,3.21443975076012,0.105014367391069,3.04986075085838,3.26958336375314,0.651714147129505,0.290690190186292,0.011857528175887,0.0784985613847563,1.68185988686373,2.09061077913667,2.15298194249075,0.00548515028922166,0.732853705487521,0.220017991396974,2.40765187262003,0.0756800765362187,12.4751719246224,15.1346154629538,3.95324099317123,2.60434697936138,0.101641237953992,1.17959312108929,13.4025284167853,29.11190759623,20.9990406122184,0.0298951940374365,6.89250156695128,1.73709791933319,13.8509359236919,0.370118390782257,41.5613494493482,43.1072288826249,16.6333016509647,5.27884815186642,0.411517865597401,2.70554144507038,37.3594403514861,51.4832022460477,58.7380633676027,0.277264364065343,27.6771692879613,10.1972212284906,52.3973054304756,1.83671181362252,49.3511190401224,58.5570780170056,5.75368569558298,18.1617203363875,0.0964694947098958,2.76938407078259,12.1442590032783,22.6998024179921,18.2986921422383,0.0204460225334335,26.3400743936487,3.14929538337805,270.15017456459,3.65164563355661,65.1534169241031,80.0258292224342,32.6964857946827,9.6313535732742,0.908003913811739,3.94707530935176,58.7332183075386,94.4750461166041,105.556508510385,0.310403980523252,48.0622377537847,19.1573819781291,93.2187527720436,3.045416654341,21.3490252560087,22.887083546272,4.56199902990654,2.03483133130404,0.0830026972312089,0.549489929693294,11.7730192080461,14.6342754539567,15.0708735974353,0.0383960520245516,5.12997593841265,1.54012593977882,16.8535631083402,0.529760535753531,-0.213343407007761,3.71217338540355,4.12755380554012,0.855594547174963,0.682151423436329,0.0320706777401343,0.350687274746841,2.42099231447557,5.42238045602763,3.71176550243644,0.00659899761565243,1.06057246352856,0.480867813902388,3.52221037201502,0.0666947965694712,0
1.24404177656601,1.45375702852631,0.435599676320075,0.274102849937852,0.017306519663072,0.113850354430964,3.24130222375795,5.12612899577861,4.19720753480181,0.00468332139069127,1.23778121240059,0.297624903114676,2.58580532606238,0.0238042798811483,1.49022573314258,1.30562335251321,0.658062944746382,0.167968746199474,0.0163873399774136,0.0819250649130729,1.04896691773163,1.70564698909681,1.86893005813086,0.0131793559955,0.777290396544423,0.331282798752968,1.80492937491177,0.0782711646848255,26.9430592614175,24.3146702844895,6.28974766404271,9.55906633293695,0.00925749592114045,0.540653667405275,11.9444850534614,19.3573789787524,22.6126896668205,0.021298753518349,7.79647178490851,2.79648504858662,43.9682873805924,1.39339259869899,1.50314849353047,1.45501815813872,0.690511323916025,0.212593481538758,0.0353441211604146,0.147307797613168,1.28098955023852,2.2406276033109,2.24592743883016,0.0196836920633229,0.786658895509173,0.42544517912137,1.79969762498357,0.0706278305312261,2.19135864945514,1.72650841961706,0.492267624838792,0.539843938913947,0.0126892617716531,0.129465390753163,0.841985188196143,1.1865396969704,1.27284030924055,0.00535194898500042,1.71423294603439,0.260394533026548,3.92169504567778,0.149304757137094,11.1963759890941,13.0838132567368,3.92039708688068,2.46692564944067,0.155758676967648,1.02465318987867,29.1717200138215,46.1351609620075,37.7748678132163,0.0421498925162214,11.1400309116053,2.67862412803208,23.2722479345614,0.214238518930335,49.1774491937051,43.0855706329359,21.7160771766306,5.54296862458265,0.540782219254647,2.70352714213141,34.6159082851436,56.2863506401948,61.6746919183185,0.434918747851499,25.650583085966,10.9323323588479,59.5626693720883,2.58294843459924,134.715296307088,121.573351422448,31.4487383202136,47.7953316646847,0.0462874796057022,2.70326833702638,59.7224252673068,96.7868948937621,113.063448334103,0.106493767591745,38.9823589245425,13.9824252429331,219.841436902962,6.96696299349497,43.5913063123837,42.1955265860227,20.0248283935647,6.16521096462399,1.02497951365202,4.27192613078188,37.1486969569171,64.978200496016,65.1318957260745,0.570827069836363,22.813107969766,12.3379101945197,52.1912311245235,2.04820708540556,15.339510546186,12.0855589373194,3.44587337387155,3.77890757239763,0.0888248324015714,0.906257735272141,5.893896317373,8.30577787879283,8.90988216468383,0.037463642895003,11.9996306222407,1.82276173118584,27.4518653197445,1.04513329995966,-0.416640534925496,2.44235165020726,3.19846905433693,0.995314065559598,0.696702346143582,0.0358891782957897,0.220811881187424,6.97391827690327,14.2482882448831,11.6298233884438,0.0110458640559209,2.57452792072061,0.599844165377528,4.24513943447406,0.0621638127575209,0
1.03363811076943,1.44022245868022,0.361956279462029,0.145618473425832,0.0106629169507102,0.0700745390565713,1.15310228755697,2.38803608377397,1.07949967499618,0.00800314648347988,0.396772400950214,0.1394827731349,1.29592559060097,0.0636208859523938,1.00650394562926,1.16830877499939,0.465989972211715,0.12729790816067,0.0193171935613325,0.0821360475312457,0.838997960701096,1.43488155736693,1.44268969526541,0.00741362905691159,0.647241415246724,0.22039490108704,1.25932573952564,0.039336931445245,28.1417757974086,37.1138967826783,7.23854966373925,2.45934967398409,0.0161238256768037,1.23285026564238,11.2286518140219,14.6139675740835,13.4252703573219,0.0075185142132297,5.06508404060269,2.35635404588423,29.5510416223911,0.845821796267335,1.10099512697545,1.24328291517613,0.475863687267971,0.164112528421691,0.0346247101082951,0.111532455526246,1.04309131282361,1.48615777952009,1.40544426879814,0.012271021514401,0.559490661891996,0.277938512025621,1.32173249520165,0.0797002502055678,3.92107008714791,3.82857951066073,0.652936340560542,0.517806652833281,0.0167172173834609,0.123099286838611,1.45585906113779,1.42476777854553,2.15374660100738,0.00877204608955436,1.90201238675339,0.34004865969271,3.96878330834959,0.146377591574396,9.30274299692489,12.962002128122,3.25760651515826,1.31056626083249,0.095966252556392,0.630670851509142,10.3779205880127,21.4923247539657,9.7154970749656,0.0720283183513189,3.57095160855193,1.2553449582141,11.6633303154087,0.572587973571545,33.2146302057655,38.5541895749797,15.3776690829866,4.20083096930212,0.637467387523973,2.71048956853111,27.6869327031362,47.3510913931088,47.6087599437585,0.244649758878082,21.3589667031419,7.27303173587233,41.5577494043462,1.29811873769309,140.708878987043,185.569483913392,36.1927483186963,12.2967483699204,0.0806191283840184,6.16425132821191,56.1432590701097,73.0698378704177,67.1263517866094,0.0375925710661485,25.3254202030134,11.7817702294211,147.755208111956,4.22910898133668,31.928858682288,36.0552045401076,13.8000469307712,4.75926332422904,1.00411659314056,3.23444121026114,30.2496480718846,43.0985756060827,40.7578837951462,0.355859623917629,16.2252291948679,8.06021684874302,38.3302423608479,2.31130725596147,27.4474906100354,26.8000565746251,4.57055438392379,3.62464656983297,0.117020521684226,0.861695007870277,10.1910134279646,9.97337444981873,15.0762262070517,0.0614043226268806,13.3140867072737,2.38034061784897,27.7814831584471,1.02464314102077,-0.0784694132516778,1.67798707304292,2.02050238113745,0.717220319196586,0.199545981409213,0.020383469056262,0.157029911140497,1.6194153601783,4.98620158038492,2.17235076816575,0.0115856327727147,0.822149798899337,0.222996310572197,2.20738870942722,0.1158857854621,0
1.20902680737289,1.44330801927567,0.408399464766571,0.162060638267476,0.0094019622798972,0.10933361476235,0.483480857044255,1.19631313301751,1.07456881943148,0.00454789639955402,1.22793386132915,0.19478060441686,1.40012187603062,0.0638547956668475,0.911769361707069,0.995105283646829,0.331377456661178,0.138194249986898,0.0178403911054196,0.0817531405000497,0.691421880214602,1.43915685426168,1.41045369916641,0.00762551666829906,0.600543727579331,0.19938018642816,1.14516418000782,0.0447845477238309,27.4749541998363,32.6207506033022,5.7458895258887,2.00005258528914,0.0125646905353785,1.41404126583316,8.90201239929921,14.1501179525045,12.2822878028201,0.0128923365067523,14.1504592966509,2.59895412603962,38.8520185855395,0.929471607428563,1.47986675195639,1.56263603622053,0.66636012136651,0.266338901905486,0.0182115445848641,0.124519240852546,1.48217157742332,2.39536882050684,2.2785338290634,0.00969917685546385,0.846389147940706,0.378276822209489,1.6350330173466,0.0677842970845805,2.14724935700276,2.4246888913242,0.664711034814751,0.157446016756033,0.0104609328054751,0.140199181494724,0.734612907625137,1.04743401937418,1.05343714966753,0.00611976589434303,0.781741935390005,0.24645228328633,2.25850706479698,0.087029111698734,10.8812412663561,12.989772173481,3.67559518289914,1.45854574440728,0.0846176605190748,0.984002532861149,4.35132771339829,10.7668181971576,9.67111937488335,0.0409310675959862,11.0514047519624,1.75302543975174,12.6010968842756,0.574693161001627,30.0883889363333,32.8384743603454,10.9354560698189,4.56041024956764,0.588732906478848,2.69785363650164,22.8169220470819,47.4921761906354,46.5449720724914,0.251642050053869,19.8179430101179,6.57954615212929,37.7904179402581,1.47789007488642,137.374770999181,163.103753016511,28.7294476294435,10.0002629264457,0.0628234526768925,7.0702063291658,44.5100619964961,70.7505897625223,61.4114390141006,0.0644616825337616,70.7522964832545,12.9947706301981,194.260092927697,4.64735803714281,42.9161358067352,45.3164450503954,19.3244435196288,7.7238281552591,0.528134792961058,3.61105798472384,42.9829757452763,69.4656957946985,66.0774810428385,0.281276128808452,24.5452852902805,10.9700278440752,47.4159575030514,1.96574461545283,15.0307454990193,16.9728222392694,4.65297724370326,1.10212211729223,0.0732265296383254,0.981394270463068,5.14229035337596,7.33203813561926,7.37406004767271,0.0428383612604012,5.47219354773003,1.72516598300431,15.8095494535789,0.609203781891138,-0.134112498955478,1.82907693504616,2.63997994396376,0.894969624642133,0.279323137497596,0.0140859076270624,0.250681351384215,0.795559903278016,2.11897379232624,2.22005405065594,0.00878326712784844,1.94913194980983,0.317049277769129,2.34652836773107,0.133024475042618,0
2.96527039916089,3.60704612123341,1.0181593204928,0.469726105643555,0.0147316839659649,0.160423360211112,1.92985809673844,2.33266912425916,2.76444212141841,0.00632507711335852,1.1452616972788,0.415457610832079,2.75353407379951,0.0752584911625641,1.71102841168617,2.0803067751491,0.679316836716711,0.25273611543336,0.0135229010249937,0.126928632304041,1.43226896172415,2.22037805085009,2.46024999137769,0.00716745711352822,1.13070015139835,0.399943718628336,2.53244559738155,0.0642500975598979,26.3902941046993,37.8837507573972,13.0193879653917,13.6319527170587,0.0182736955207765,3.25455620527538,34.6285668201018,55.2516977667349,62.5155831315718,0.0105606542916283,17.0902142241617,4.43960660132643,30.6331324478508,0.771545048138389,2.10471558900394,2.10517106213487,0.882256720881922,0.292490563576465,0.0392806417194283,0.184624254551363,1.92764023163545,2.97241488917856,2.85010701596291,0.0126251323620126,1.13667381897129,0.544418499282574,2.07092866336142,0.0880363523047361,12.5415642135312,12.4127458702524,4.31555454742585,1.29210534227698,0.0101901926067983,0.684517150217146,7.82869006179452,12.1039348404787,12.6465972916746,0.00984040428779946,5.93891280933144,1.68920898487749,12.6604118481591,0.432500804981097,26.687433592448,32.4634150911007,9.16343388443517,4.227534950792,0.132585155693684,1.44381024190001,17.3687228706459,20.9940221183325,24.8799790927657,0.0569256940202267,10.3073552755092,3.73911849748871,24.7818066641956,0.677326420463077,56.4639375856436,68.6501235799205,22.4174556116515,8.34029180930089,0.446255733824791,4.18864486603335,47.2648757368968,73.272475678053,81.1882497154638,0.236526084746431,37.3131049961454,13.1981427147351,83.5707047135912,2.12025321947663,131.951470523497,189.418753786986,65.0969398269583,68.1597635852937,0.0913684776038826,16.2727810263769,173.142834100509,276.258488833674,312.577915657859,0.0528032714581413,85.4510711208084,22.1980330066321,153.165662239254,3.85772524069194,61.0367520811144,61.0499608019112,25.5854449055757,8.48222634371748,1.13913860986342,5.35410338198952,55.9015667174279,86.2000317861783,82.6531034629243,0.366128838498364,32.9635407501675,15.7881364791947,60.0569312374811,2.55305421683735,87.7909494947186,86.8892210917667,30.2088818319809,9.04473739593884,0.0713313482475879,4.79162005152002,54.8008304325617,84.727543883351,88.5261810417221,0.0688828300145962,41.5723896653201,11.8244628941424,88.6228829371138,3.02750563486768,-0.111889248911898,5.47946706190123,7.18140088059659,1.82789939057065,0.864749529102757,0.0407308744619683,0.402734321901548,4.00370370356024,4.97569036943934,5.33694255663131,0.0156880027637524,2.21776270710252,0.841594325195716,5.17327032334479,0.151253639795781,0
7.26294349469201,8.65985899199239,2.80650190632024,1.47823330049935,0.0129142827132012,0.466537607883364,5.5011482825981,8.4529135203651,9.46656046617279,0.00456346263963772,3.0016850789796,0.923692774576136,5.85339605753936,0.131838559819366,2.14721833354258,2.68303839248699,0.929815392950471,0.266952876519171,0.0119549753406142,0.164496708205322,2.2887459898114,3.35719887928287,3.24476209817556,0.00641271144446898,1.27678254747226,0.480878776933884,2.58037496498888,0.0776615721930075,95.1859222080507,121.572548698191,36.8134389623327,19.2676267068261,0.0184724364270943,10.6547602999956,116.901639442724,153.481666585429,192.260752276455,0.00312539419689634,69.2619725379262,13.181921327755,109.910754031363,2.29638754372484,2.2858474417942,2.42164390053501,1.07160382593446,0.331390032934375,0.0276419807165366,0.186732404072721,2.22526181914275,3.65206259459345,3.51200335644316,0.00870144234721581,1.31644106114887,0.575785869772618,2.590174484655,0.0865246681817861,7.18349223323584,8.88717586827489,2.54737085394181,1.2761182494902,0.0174594245986783,0.811653471118472,6.30950180700543,8.40173409347873,10.2665134996113,0.00536303124720474,3.37671000798754,1.05185599239241,5.58099030917528,0.109559722528575,65.3664914522281,77.9387309279315,25.2585171568822,13.3040997044942,0.116228544418811,4.19883847095027,49.5103345433829,76.0762216832859,85.1990441955551,0.0410711637567395,27.0151657108164,8.31323497118522,52.6805645178543,1.18654703837429,70.8582050069051,88.5402669520708,30.6839079673655,8.80944492513266,0.39451418624027,5.42839137077562,75.5286176637763,110.787563016335,107.077149239793,0.211619477667476,42.1338240665847,15.8689996388182,85.1523738446332,2.56283188236925,475.929611040253,607.862743490955,184.067194811664,96.3381335341306,0.0923621821354714,53.2738014999781,584.508197213622,767.408332927147,961.303761382274,0.0156269709844817,346.309862689631,65.9096066387748,549.553770156814,11.4819377186242,66.2895758120317,70.2276731155152,31.0765109520993,9.61031095509689,0.801617440779561,5.41523971810891,64.5325927551397,105.90981524321,101.848097336852,0.252341828069259,38.1767907733172,16.6977902234059,75.1150600549949,2.5092153772718,50.2844456326509,62.2102310779242,17.8315959775927,8.93282774643143,0.122215972190748,5.6815742978293,44.166512649038,58.8121386543511,71.8655944972793,0.0375412187304332,23.6369700559128,7.36299194674685,39.066932164227,0.766918057700023,-0.158993550203663,11.3336906428728,14.6772544060855,4.75623459096798,1.84529840584745,0.0233851571394232,0.777440359688667,8.32245658101722,13.0531292528284,17.1996625318158,0.00937872675722612,4.46089079789123,1.46164628058282,10.4800519123215,0.265772962408606,0
1.80171496477032,1.94634823082377,0.5632081099158,0.191330427876417,0.0158274271340235,0.145887887181139,0.904295893225467,1.51567566107826,1.78011428723188,0.0156158813359346,1.11281911198805,0.305347400262681,1.99685212006785,0.0549979739375134,1.30777428055604,1.41142739331284,0.53474596252687,0.190163955740082,0.0208209774726727,0.0985759582988818,1.09001449011896,1.86980851749751,2.03674077633554,0.00643325020780814,0.683850949155951,0.266162132441932,1.62775754770279,0.0622796231259359,44.5547544673398,63.7822806768905,10.4739724596277,7.11751782851649,0.0171831812092178,2.84689442183278,18.0074471576615,21.9525523992403,20.8316842685291,0.00558711988642717,7.74624117731861,3.4968149037665,88.7474685745259,1.04711853239938,1.8806314595671,2.27636232338897,0.947972462019587,0.289241124086218,0.0329999029136485,0.174184153636898,2.15726233418655,3.56435606233518,3.36881253427508,0.0117637973359714,1.19122542580895,0.506934839670778,2.50658020241009,0.0746678427934095,3.64744051292444,4.60813070809997,0.86475538042756,0.459935545970899,0.0174027316314485,0.183937915889019,1.16118409811327,1.72773128893349,2.48994325465322,0.00451702387884243,1.8704027793589,0.323450339792802,3.50429141455906,0.156652786549393,16.2154346829329,17.5171340774139,5.0688729892422,1.72197385088776,0.142446844206211,1.31299098463025,8.1386630390292,13.6410809497043,16.0210285850869,0.140542932023412,10.0153720078924,2.74812660236413,17.9716690806107,0.494981765437621,43.1565512583493,46.5771039793237,17.6466167633867,6.2754105394227,0.687092256598199,3.2530066238631,35.9704781739258,61.7036810774179,67.212445619073,0.212297256857669,22.5670813221464,8.78335037058374,53.7159990741919,2.05522756315589,222.773772336699,318.911403384452,52.3698622981386,35.5875891425824,0.0859159060460889,14.2344721091639,90.0372357883075,109.762761996202,104.158421342646,0.0279355994321359,38.731205886593,17.4840745188325,443.73734287263,5.23559266199692,54.5383123274459,66.0145073782802,27.491201398568,8.38799259850033,0.956997184495807,5.05134045547004,62.5606076914099,103.36632580772,97.6955634939772,0.341150122743171,34.5455373484594,14.7011103504526,72.6908258698925,2.16536744100888,25.5320835904711,32.2569149566998,6.05328766299292,3.21954882179629,0.121819121420139,1.28756541122313,8.12828868679286,12.0941190225344,17.4296027825726,0.031619167151897,13.0928194555123,2.26415237854961,24.5300399019134,1.09656950584575,-0.155963808465528,3.65140211943443,4.64833229730495,0.939308112820881,0.370516132425582,0.0308934029642776,0.337632309607409,2.22316505735535,3.73169469530725,3.96708303771931,0.0316033577136054,1.55878248873837,0.57145636789102,4.18655201887643,0.0983951844173891,0
1.31775882469377,1.4939772981668,0.626062588397748,0.342837889430802,0.0178845154517774,0.126290172209192,1.97442062949168,2.63553946227805,2.19066073630888,0.00751307415494341,1.16782689746621,0.261310393366949,2.11437732101816,0.0613574174589746,1.33604343205873,1.77973301547087,0.565811379109426,0.19699603385531,0.0232048241313908,0.0905283793826931,1.28135014814212,2.26147317241881,2.18182034440881,0.00591596401720476,0.939646023744298,0.308887863015568,1.75914673554252,0.0588737172526677,25.4776952993006,44.6771555180221,6.30846503114345,6.60325595153505,0.028658749481462,2.09092963965613,11.1178894773626,15.101078357239,19.6236016198936,0.00839619984382796,11.1893645823911,4.25722874366646,55.7816492430646,1.15845338621063,1.94631277394706,2.28332773741027,0.788016812072846,0.334286140444391,0.0357604033900969,0.188733181148959,1.74722036929693,3.06384054035511,2.79626700353609,0.0175819341322956,0.958550177216065,0.502268964078347,2.0983410397357,0.0680298131221235,2.543851647582,2.95466795359377,0.67474900398077,0.979949168768764,0.0167388945765007,0.289722724198238,0.863290490964347,1.57899971610404,2.06683668279207,0.00789034500796895,1.83815881195721,0.308439233884307,5.60093928897728,0.099119907372149,11.859829422244,13.4457956835012,5.63456329557973,3.08554100487721,0.160960639065997,1.13661154988273,17.7697856654252,23.7198551605024,19.7159466267799,0.0676176673944907,10.5104420771959,2.35179354030254,19.0293958891634,0.552216757130772,44.089433257938,58.7311895105386,18.6717755106111,6.50086911722524,0.765759196335895,2.98743651962887,42.2845548886899,74.6286146898207,72.0000713654909,0.195226812567757,31.0083187835618,10.1932994795137,58.0518422729033,1.94283266933803,127.388476496503,223.385777590111,31.5423251557173,33.0162797576752,0.14329374740731,10.4546481982807,55.589447386813,75.5053917861949,98.1180080994681,0.0419809992191398,55.9468229119555,21.2861437183323,278.908246215323,5.79226693105317,56.4430704444649,66.2165043848977,22.8524875501125,9.69429807288733,1.03705169831281,5.47326225331982,50.6693907096111,88.8513756702983,81.0917431025467,0.509876089836572,27.7979551392659,14.5657999582721,60.8518901523354,1.97286458054158,17.806961533074,20.6826756751564,4.72324302786539,6.85964418138135,0.117172262035505,2.02805906938767,6.04303343675043,11.0529980127283,14.4678567795445,0.0552324150557826,12.8671116837005,2.15907463719015,39.206575022841,0.693839351605043,0.0870217632447212,2.82845559223236,4.65165400683027,1.26314727510601,0.575420383756607,0.0458431492954435,0.233220144355988,6.19780198340291,8.9293129300841,6.37294769375413,0.0163991332392057,2.8088754573174,0.571012669213507,6.32315158033408,0.120194495288554,0
1.29359824490857,1.46009100922366,0.380819528350554,0.295104040001854,0.00877941676155605,0.124584033125707,1.59412877021046,2.42115853053475,2.82380291668394,0.0495040106490593,0.862627690347268,0.22624926563331,1.53906978600614,0.0491561463614099,2.10572608709018,2.41654973853216,0.761537859854577,0.349749119711912,0.017369012883939,0.16687156090974,1.86650727067109,2.78880278907037,3.82827743189783,0.0663033765536755,1.17036299643765,0.362372826566805,2.51199719449841,0.0718658139852421,33.4881555595934,38.6672765589711,7.84372226017789,10.8081599658039,0.0128699992130113,1.53028982330987,10.5919130243516,16.3247005299666,26.9309491488564,0.041561976832505,11.5664338566229,2.08506858783496,10.8342798515434,0.572080503086294,3.33592160233173,3.69737769460507,1.43645135005419,0.49828886573425,0.0407708977816933,0.272901305852128,2.92171234436727,4.49629830974956,6.41302737957542,0.102724715941053,1.71474897808337,0.779134142405145,3.87134718419352,0.108665604331746,2.58481554048936,3.05649165028919,0.869496001443516,0.695961156219528,0.0133796026125831,0.179867619081939,2.13865516780958,2.50928240358405,2.698057355949,0.0209002991373703,0.957592544220801,0.373834384808046,2.11582232667299,0.170277898013084,11.6423842041772,13.140819083013,3.42737575515498,2.65593636001668,0.0790147508540045,1.12125629813136,14.3471589318942,21.7904267748128,25.4142262501555,0.445536095841533,7.76364921312542,2.03624339069979,13.8516280740552,0.442405317252689,69.4889608739758,79.7461413715611,25.130749375201,11.5417209504931,0.573177425169986,5.50676151002142,61.5947399321459,92.0304920393221,126.333155252629,2.18801142627129,38.6219788824424,11.9583032767046,82.8959074184475,2.37157186151299,167.440777797967,193.336382794855,39.2186113008895,54.0407998290197,0.0643499960650565,7.65144911654937,52.9595651217581,81.6235026498331,134.654745744282,0.207809884162525,57.8321692831143,10.4253429391748,54.1713992577169,2.86040251543147,96.7417264676201,107.223953143547,41.6570891515715,14.4503771062932,1.18235603566911,7.91413786971171,84.7296579866509,130.392650982737,185.977794007687,2.97901676229055,49.7277203644178,22.5948901297492,112.269068341612,3.15130252562064,18.0937087834255,21.3954415520244,6.08647201010461,4.87172809353669,0.0936572182880815,1.25907333357357,14.970586174667,17.5649768250883,18.886401491643,0.146302093961592,6.70314780954561,2.61684069365632,14.810756286711,1.19194528609159,-0.124527595864543,2.12609402553811,3.1394231715395,0.680260325461708,0.766472417020305,0.022502594705725,0.325116720054981,2.88115779535011,4.65937279151349,5.1272302204834,0.10325455392349,2.13274147713844,0.464281562070909,3.43212595673561,0.0796018943240073,0
1.79960851568292,1.10432522309886,0.716563396859771,0.26664379905069,0.0182319696852373,0.0692603274565533,1.20584403819303,3.72378958031621,3.06824502999851,0.00362876584994938,1.51192812320282,0.441868127469474,2.26733280445241,0.0703495022384677,1.43238434371185,1.73171998757097,0.629583623252922,0.204637073594219,0.0175200692180271,0.0904449285578551,1.23979610057785,2.11713711180213,1.88317152543103,0.00654499693328293,0.761260163202249,0.292994840904924,1.40105496792894,0.0511132373763162,23.5414621404555,50.1638191229408,4.86366538220644,3.40973838887333,0.0310627621604358,1.19747782471489,6.65502827240556,17.0654485409325,12.6129964355736,0.00597413382062526,6.70500912211992,1.52530860480032,56.6066706921498,0.494069729416198,1.24844783171888,1.43488338072873,0.5772446958015,0.234866239242792,0.0285701270657232,0.0994556715809711,1.23689093611679,1.7238039734826,1.74736179716773,0.00991898921464192,0.734684453875486,0.359100181423853,1.47791755916085,0.0580424743433145,6.59080375932091,6.11553697741423,1.63158132768038,1.36517122071343,0.0185227065991807,0.229463546571701,3.23375810000697,5.50873085365085,5.22553679211746,0.00561666440916585,2.92433090727189,0.799985411794723,7.38893117743015,0.186779587862966,16.1964766411463,9.9389270078897,6.44907057173794,2.39979419145621,0.164087727167135,0.62334294710898,10.8525963437373,33.5141062228459,27.6142052699866,0.0326588926495444,13.6073531088254,3.97681314722527,20.4059952400717,0.633145520146209,47.2686833424909,57.1467595898419,20.7762595673464,6.75302342860923,0.578162284194894,2.98468264240922,40.913271319069,69.8655246894704,62.1446603392239,0.215984898798337,25.1215853856742,9.66882974986248,46.234813941655,1.68673683341843,117.707310702277,250.819095614704,24.3183269110322,17.0486919443667,0.155313810802179,5.98738912357443,33.2751413620278,85.3272427046624,63.064982177868,0.0298706691031263,33.5250456105996,7.62654302400161,283.033353460749,2.47034864708099,36.2049871198476,41.6116180411333,16.7400961782435,6.81112093804096,0.828533684905974,2.88421447584816,35.8698371473868,49.9903152309955,50.6734921178641,0.287650687224616,21.3058491623891,10.4139052612917,42.8596092156647,1.68323175595612,46.1356263152464,42.8087588418996,11.4210692937627,9.55619854499401,0.129658946194265,1.60624482600191,22.6363067000488,38.561115975556,36.5787575448222,0.0393166508641609,20.4703163509033,5.59989788256306,51.722518242011,1.30745711504076,-0.150897174313996,3.21717079869048,1.89188961015055,1.74227951828886,0.549980339645104,0.055312090249583,0.125812788096646,2.09311695827657,8.27586104006126,6.45741504533528,0.00665042480411355,3.32810667915716,0.95139780734595,4.88429868414313,0.140627241684103,0
1.43570479214346,1.38012507743319,0.464857051633342,0.377454838206785,0.0153127855463985,0.157461173427437,1.55198250753186,2.41930112186661,2.56691305278298,0.00340319169462284,1.50556898356709,0.322798385331652,4.99928420395805,0.0471771420175441,1.89784416699423,1.88493514630295,0.771514653363744,0.269337898065271,0.0271645245877281,0.128015448393614,1.67941411475079,2.78633584880898,2.81888474420506,0.00487604525170155,0.973332945205698,0.438859191913145,2.29043667640126,0.0705190106772251,23.396913729399,27.6761344091782,5.7509069094644,7.65443229327146,0.0269149129146279,0.839660325471888,20.5786047261853,35.5923538212852,38.1988495993734,0.00604134958746588,12.0787295815837,2.37188912165999,46.9704010243907,1.32925234902176,2.56924551714958,2.68609756965123,1.20019621741411,0.418959201958474,0.0499648142578045,0.162734945962387,2.15467916930996,3.61929594089543,3.55448614004946,0.00800396487308555,1.46674937900999,0.673480647306049,2.97464044145704,0.0836589285390969,5.48951243822816,5.21489255628534,1.74712554186729,1.0390416138883,0.0108656702673413,0.301009214832763,3.97219354565836,6.26310650895543,5.79330687938563,0.00198042452490276,1.93741632901948,0.825038794358202,7.08043336607282,0.165686925709006,12.9213431292911,12.4211256968987,4.18371346470008,3.39709354386107,0.137815069917586,1.41715056084693,13.9678425677868,21.7737100967995,23.1022174750468,0.0306287252516055,13.5501208521039,2.90518546798487,44.9935578356225,0.424594278157897,62.6288575108097,62.2028598279974,25.4599835610035,8.88815063615394,0.896429311395028,4.22450979698926,55.420665786776,91.9490830106962,93.0231965587669,0.160909493306151,32.119987191788,14.4823533331338,75.5844103212416,2.32712735234843,116.984568646995,138.380672045891,28.754534547322,38.2721614663573,0.13457456457314,4.19830162735944,102.893023630927,177.961769106426,190.994247996867,0.0302067479373294,60.3936479079185,11.8594456083,234.852005121953,6.64626174510878,74.5081199973379,77.8968295198857,34.8056903050091,12.1498168567957,1.44897961347633,4.71931343290921,62.4856959099888,104.959582285968,103.080098061434,0.232114981319481,42.5357319912897,19.5309387718754,86.2645728022541,2.42610892763381,38.4265870675971,36.5042478939974,12.229878793071,7.27329129721811,0.076059691871389,2.10706450382934,27.8053548196085,43.841745562688,40.5531481556994,0.0138629716743193,13.5619143031363,5.77527156050741,49.5630335625097,1.15980847996304,-0.235200252887403,3.40350278301339,2.81126822023463,0.982373860121547,0.653988560776234,0.0210583263412598,0.370907588316917,3.38814145327686,4.03946958539399,5.35044640230652,0.00605439770526031,3.66624090615346,0.616370218023748,12.4646547183749,0.124971288842974,0
1.32104637996454,1.04510602969638,0.440874187274546,0.173273394692759,0.012313892632224,0.141190004752698,0.699044589370732,1.02346337818539,1.03636500200621,0.0469058935544977,0.46681347936795,0.202848950517769,1.20548666760746,0.0402872989380968,1.49212936675892,1.83121343407389,0.646147952986088,0.25942525204846,0.014530483771138,0.119744620217907,1.34702968136152,2.17073749153865,2.71060510841363,0.0541675675641263,0.795618955209576,0.355781983467986,1.83136931474495,0.0583321846786337,9.30667298176281,12.9109888339031,2.62202146936902,6.00721796382521,0.0139116998645439,0.624582283210652,6.16293074912583,9.63158224625292,10.8932885291693,0.0397325310858579,6.37356711689314,1.3479348049271,19.7761374187181,1.25640770360558,1.69170224635971,1.91837676378612,0.76625517961883,0.289054852180216,0.0254853631406666,0.183424706608445,1.54649680873893,2.53785025620604,3.19189892056668,0.0951037607570413,0.981749278072243,0.431271575783576,2.08075134630312,0.0782079169649213,1.49448751271146,1.79182025408336,0.350978558017859,0.29973651768787,0.012803450209503,0.120786266309223,0.940216349110943,1.28683288130326,1.47624525724226,0.0301996266378499,0.727234717566455,0.0972817816555799,1.47800309721579,0.094819789464496,11.8894174196809,9.4059542672674,3.96786768547091,1.55946055223483,0.110825033690016,1.27071004277428,6.29140130433659,9.21117040366854,9.32728501805585,0.42215304199048,4.20132131431155,1.82564055465992,10.8493800084671,0.362585690442871,49.2402691030442,60.4300433244385,21.3228824485409,8.56103331759917,0.479505964447554,3.95157246719092,44.45197948493,71.6343372207754,89.4499685776499,1.78752972961617,26.255425521916,11.7408054544436,60.4351873865833,1.92496209439491,46.533364908814,64.5549441695153,13.1101073468451,30.0360898191261,0.0695584993227194,3.12291141605326,30.8146537456292,48.1579112312646,54.4664426458465,0.198662655429289,31.8678355844657,6.73967402463552,98.8806870935905,6.2820385180279,49.0593651444315,55.6329261497975,22.2214002089461,8.38259071322625,0.739075531079331,5.3193164916449,44.8484074534289,73.5976574299751,92.5650686964336,2.7580090619542,28.4707290640951,12.5068756977237,60.3417890427905,2.26802959198272,10.4614125889802,12.5427417785835,2.45684990612502,2.09815562381509,0.0896241514665209,0.845503864164562,6.5815144437766,9.00783016912281,10.3337168006958,0.211397386464949,5.09064302296518,0.680972471589059,10.3460216805105,0.663738526251472,-0.0388816748269759,2.24420925292806,2.06595536504291,1.10922009687827,0.459678610208828,0.0294842490406104,0.246307982203168,1.29531227805682,2.41852905315509,1.72073529574601,0.088076447140782,1.249349014428,0.464395723571292,2.2295083383747,0.0583461331356619,0
